{"segments": [{"index": 0, "start": 0.25705695152282715, "end": 0.8053550720214844, "quality": 5, "bitrate": 641379, "throughput": 0, "ratio": 1.0, "url": "http://server/chunk-stream5-00001.m4s"}, {"index": 1, "start": 0.8055810928344727, "end": 1.177290916442871, "quality": 6, "bitrate": 391570, "throughput": 514839.3148409008, "ratio": 1.0, "url": "http://server/chunk-stream6-00002.m4s"}, {"index": 2, "start": 1.177509069442749, "end": 1.441978931427002, "quality": 6, "bitrate": 391570, "throughput": 364466.5361820526, "ratio": 1.0, "url": "http://server/chunk-stream6-00003.m4s"}, {"index": 3, "start": 1.4421699047088623, "end": 1.7660739421844482, "quality": 6, "bitrate": 391570, "throughput": 408788.14675601, "ratio": 1.0, "url": "http://server/chunk-stream6-00004.m4s"}, {"index": 4, "start": 1.7663121223449707, "end": 2.219727039337158, "quality": 6, "bitrate": 391570, "throughput": 459436.04403984116, "ratio": 1.0, "url": "http://server/chunk-stream6-00005.m4s"}, {"index": 5, "start": 2.2199819087982178, "end": 2.6694319248199463, "quality": 6, "bitrate": 391570, "throughput": 521627.57554132305, "ratio": 1.0, "url": "http://server/chunk-stream6-00006.m4s"}, {"index": 6, "start": 2.6696081161499023, "end": 3.194648027420044, "quality": 6, "bitrate": 391570, "throughput": 551636.0681487789, "ratio": 1.0, "url": "http://server/chunk-stream6-00007.m4s"}, {"index": 7, "start": 3.1948819160461426, "end": 3.762589931488037, "quality": 6, "bitrate": 391570, "throughput": 579849.5827709571, "ratio": 1.0, "url": "http://server/chunk-stream6-00008.m4s"}, {"index": 8, "start": 3.7627999782562256, "end": 4.404659032821655, "quality": 6, "bitrate": 391570, "throughput": 599722.1450789289, "ratio": 1.0, "url": "http://server/chunk-stream6-00009.m4s"}, {"index": 9, "start": 4.404805898666382, "end": 5.115046977996826, "quality": 6, "bitrate": 391570, "throughput": 618047.4698434796, "ratio": 1.0, "url": "http://server/chunk-stream6-00010.m4s"}, {"index": 10, "start": 5.115241050720215, "end": 5.812326908111572, "quality": 6, "bitrate": 391570, "throughput": 633743.9719013446, "ratio": 1.0, "url": "http://server/chunk-stream6-00011.m4s"}, {"index": 11, "start": 5.812565088272095, "end": 6.6667160987854, "quality": 6, "bitrate": 391570, "throughput": 640403.5525334033, "ratio": 1.0, "url": "http://server/chunk-stream6-00012.m4s"}, {"index": 12, "start": 6.666865110397339, "end": 7.638283967971802, "quality": 6, "bitrate": 391570, "throughput": 654493.3985713036, "ratio": 1.0, "url": "http://server/chunk-stream6-00013.m4s"}, {"index": 13, "start": 7.6385180950164795, "end": 8.658960103988647, "quality": 6, "bitrate": 391570, "throughput": 667230.91835773, "ratio": 1.0, "url": "http://server/chunk-stream6-00014.m4s"}, {"index": 14, "start": 8.659208059310913, "end": 9.688008069992065, "quality": 6, "bitrate": 391570, "throughput": 675706.8851913301, "ratio": 1.0, "url": "http://server/chunk-stream6-00015.m4s"}, {"index": 15, "start": 9.688180923461914, "end": 10.693753957748413, "quality": 6, "bitrate": 391570, "throughput": 680318.384807107, "ratio": 1.0, "url": "http://server/chunk-stream6-00016.m4s"}, {"index": 16, "start": 10.69392204284668, "end": 11.220421075820923, "quality": 6, "bitrate": 391570, "throughput": 681547.4931193832, "ratio": 1.0, "url": "http://server/chunk-stream6-00017.m4s"}, {"index": 17, "start": 11.220664024353027, "end": 11.785216093063354, "quality": 6, "bitrate": 391570, "throughput": 644987.5834980612, "ratio": 1.0, "url": "http://server/chunk-stream6-00018.m4s"}, {"index": 18, "start": 11.785382986068726, "end": 12.249639987945557, "quality": 6, "bitrate": 391570, "throughput": 631794.9327195392, "ratio": 1.0, "url": "http://server/chunk-stream6-00019.m4s"}, {"index": 19, "start": 12.249879121780396, "end": 12.713083028793335, "quality": 6, "bitrate": 391570, "throughput": 609589.7709763683, "ratio": 1.0, "url": "http://server/chunk-stream6-00020.m4s"}, {"index": 20, "start": 12.713298082351685, "end": 13.537020921707153, "quality": 6, "bitrate": 391570, "throughput": 598031.6928008015, "ratio": 1.0, "url": "http://server/chunk-stream6-00021.m4s"}, {"index": 21, "start": 13.537235975265503, "end": 13.874969959259033, "quality": 6, "bitrate": 391570, "throughput": 631475.2362604308, "ratio": 1.0, "url": "http://server/chunk-stream6-00022.m4s"}, {"index": 22, "start": 13.875225067138672, "end": 14.201119899749756, "quality": 6, "bitrate": 391570, "throughput": 575797.4021578445, "ratio": 1.0, "url": "http://server/chunk-stream6-00023.m4s"}, {"index": 23, "start": 14.502437114715576, "end": 15.464577913284302, "quality": 6, "bitrate": 391570, "throughput": 543458.38071159, "ratio": 1.0, "url": "http://server/chunk-stream6-00024.m4s"}], "num_stall": 0, "dur_stall": 0, "avg_bitrate": 401978.7083333333, "num_quality_switches": 1}