{"segments": [{"index": 0, "start": 0.25643205642700195, "end": 0.8053009510040283, "quality": 5, "bitrate": 641379, "throughput": 0, "ratio": 1.0, "url": "http://server/chunk-stream5-00001.m4s"}, {"index": 1, "start": 0.8055880069732666, "end": 1.1779770851135254, "quality": 6, "bitrate": 391570, "throughput": 514935.05637911404, "ratio": 1.0, "url": "http://server/chunk-stream6-00002.m4s"}, {"index": 2, "start": 1.1782240867614746, "end": 1.4432060718536377, "quality": 6, "bitrate": 391570, "throughput": 364142.0086895017, "ratio": 1.0, "url": "http://server/chunk-stream6-00003.m4s"}, {"index": 3, "start": 1.4434781074523926, "end": 1.767760992050171, "quality": 6, "bitrate": 391570, "throughput": 408207.2184128498, "ratio": 1.0, "url": "http://server/chunk-stream6-00004.m4s"}, {"index": 4, "start": 1.767961025238037, "end": 2.2214479446411133, "quality": 6, "bitrate": 391570, "throughput": 458851.32571701426, "ratio": 1.0, "url": "http://server/chunk-stream6-00005.m4s"}, {"index": 5, "start": 2.221688985824585, "end": 2.671541929244995, "quality": 6, "bitrate": 391570, "throughput": 521261.19929721724, "ratio": 1.0, "url": "http://server/chunk-stream6-00006.m4s"}, {"index": 6, "start": 2.6717441082000732, "end": 3.196850061416626, "quality": 6, "bitrate": 391570, "throughput": 551232.4813651496, "ratio": 1.0, "url": "http://server/chunk-stream6-00007.m4s"}, {"index": 7, "start": 3.1970860958099365, "end": 3.7647619247436523, "quality": 6, "bitrate": 391570, "throughput": 579622.925632255, "ratio": 1.0, "url": "http://server/chunk-stream6-00008.m4s"}, {"index": 8, "start": 3.764997959136963, "end": 4.406997919082642, "quality": 6, "bitrate": 391570, "throughput": 599644.4851927602, "ratio": 1.0, "url": "http://server/chunk-stream6-00009.m4s"}, {"index": 9, "start": 4.407165050506592, "end": 5.117779970169067, "quality": 6, "bitrate": 391570, "throughput": 617920.3421290453, "ratio": 1.0, "url": "http://server/chunk-stream6-00010.m4s"}, {"index": 10, "start": 5.118135929107666, "end": 5.8153040409088135, "quality": 6, "bitrate": 391570, "throughput": 633562.4623736038, "ratio": 1.0, "url": "http://server/chunk-stream6-00011.m4s"}, {"index": 11, "start": 5.815469980239868, "end": 6.669203042984009, "quality": 6, "bitrate": 391570, "throughput": 640224.9222137372, "ratio": 1.0, "url": "http://server/chunk-stream6-00012.m4s"}, {"index": 12, "start": 6.669392108917236, "end": 7.6418070793151855, "quality": 6, "bitrate": 391570, "throughput": 654558.0684939483, "ratio": 1.0, "url": "http://server/chunk-stream6-00013.m4s"}, {"index": 13, "start": 7.64202094078064, "end": 8.66267704963684, "quality": 6, "bitrate": 391570, "throughput": 666951.3712580998, "ratio": 1.0, "url": "http://server/chunk-stream6-00014.m4s"}, {"index": 14, "start": 8.662858963012695, "end": 9.691293001174927, "quality": 6, "bitrate": 391570, "throughput": 675474.3882978021, "ratio": 1.0, "url": "http://server/chunk-stream6-00015.m4s"}, {"index": 15, "start": 9.691487073898315, "end": 10.696626901626587, "quality": 6, "bitrate": 391570, "throughput": 680337.8560542184, "ratio": 1.0, "url": "http://server/chunk-stream6-00016.m4s"}, {"index": 16, "start": 10.696845054626465, "end": 11.223328113555908, "quality": 6, "bitrate": 391570, "throughput": 681694.2806251986, "ratio": 1.0, "url": "http://server/chunk-stream6-00017.m4s"}, {"index": 17, "start": 11.22353196144104, "end": 11.787945985794067, "quality": 6, "bitrate": 391570, "throughput": 645037.134777488, "ratio": 1.0, "url": "http://server/chunk-stream6-00018.m4s"}, {"index": 18, "start": 11.7881441116333, "end": 12.252343893051147, "quality": 6, "bitrate": 391570, "throughput": 631890.9403068562, "ratio": 1.0, "url": "http://server/chunk-stream6-00019.m4s"}, {"index": 19, "start": 12.252604961395264, "end": 12.71557903289795, "quality": 6, "bitrate": 391570, "throughput": 609694.3703560496, "ratio": 1.0, "url": "http://server/chunk-stream6-00020.m4s"}, {"index": 20, "start": 12.715791940689087, "end": 13.539469957351685, "quality": 6, "bitrate": 391570, "throughput": 598259.2479362802, "ratio": 1.0, "url": "http://server/chunk-stream6-00021.m4s"}, {"index": 21, "start": 13.539632081985474, "end": 13.877490997314453, "quality": 6, "bitrate": 391570, "throughput": 631582.9498929037, "ratio": 1.0, "url": "http://server/chunk-stream6-00022.m4s"}, {"index": 22, "start": 13.877688884735107, "end": 14.203316926956177, "quality": 6, "bitrate": 391570, "throughput": 575714.2842235176, "ratio": 1.0, "url": "http://server/chunk-stream6-00023.m4s"}, {"index": 23, "start": 14.5051429271698, "end": 15.466660022735596, "quality": 6, "bitrate": 391570, "throughput": 543630.0974156895, "ratio": 1.0, "url": "http://server/chunk-stream6-00024.m4s"}], "num_stall": 0, "dur_stall": 0, "avg_bitrate": 401978.7083333333, "num_quality_switches": 1}