{"segments": [{"index": 0, "start": 0.25742506980895996, "end": 0.8061239719390869, "quality": 5, "bitrate": 641379, "throughput": 0, "ratio": 1.0, "url": "http://server/chunk-stream5-00001.m4s"}, {"index": 1, "start": 0.8063678741455078, "end": 1.1780688762664795, "quality": 6, "bitrate": 391570, "throughput": 514815.51298660866, "ratio": 1.0, "url": "http://server/chunk-stream6-00002.m4s"}, {"index": 2, "start": 1.1782569885253906, "end": 1.4425530433654785, "quality": 6, "bitrate": 391570, "throughput": 364471.53865710634, "ratio": 1.0, "url": "http://server/chunk-stream6-00003.m4s"}, {"index": 3, "start": 1.4427618980407715, "end": 1.766455888748169, "quality": 6, "bitrate": 391570, "throughput": 408891.0554830659, "ratio": 1.0, "url": "http://server/chunk-stream6-00004.m4s"}, {"index": 4, "start": 1.7666809558868408, "end": 2.2200748920440674, "quality": 6, "bitrate": 391570, "throughput": 459610.430397509, "ratio": 1.0, "url": "http://server/chunk-stream6-00005.m4s"}, {"index": 5, "start": 2.220299005508423, "end": 2.6698570251464844, "quality": 6, "bitrate": 391570, "throughput": 521706.1672974742, "ratio": 1.0, "url": "http://server/chunk-stream6-00006.m4s"}, {"index": 6, "start": 2.6701819896698, "end": 3.1953508853912354, "quality": 6, "bitrate": 391570, "throughput": 551637.3989410043, "ratio": 1.0, "url": "http://server/chunk-stream6-00007.m4s"}, {"index": 7, "start": 3.195720911026001, "end": 3.7632839679718018, "quality": 6, "bitrate": 391570, "throughput": 579734.5282068178, "ratio": 1.0, "url": "http://server/chunk-stream6-00008.m4s"}, {"index": 8, "start": 3.7635269165039062, "end": 4.405135869979858, "quality": 6, "bitrate": 391570, "throughput": 599746.2513084407, "ratio": 1.0, "url": "http://server/chunk-stream6-00009.m4s"}, {"index": 9, "start": 4.405255079269409, "end": 5.115617036819458, "quality": 6, "bitrate": 391570, "throughput": 618139.3522715964, "ratio": 1.0, "url": "http://server/chunk-stream6-00010.m4s"}, {"index": 10, "start": 5.115875959396362, "end": 5.81293797492981, "quality": 6, "bitrate": 391570, "throughput": 633763.4169301161, "ratio": 1.0, "url": "http://server/chunk-stream6-00011.m4s"}, {"index": 11, "start": 5.813164949417114, "end": 6.667335033416748, "quality": 6, "bitrate": 391570, "throughput": 640408.7362239974, "ratio": 1.0, "url": "http://server/chunk-stream6-00012.m4s"}, {"index": 12, "start": 6.667520999908447, "end": 7.638833045959473, "quality": 6, "bitrate": 391570, "throughput": 654485.0702399078, "ratio": 1.0, "url": "http://server/chunk-stream6-00013.m4s"}, {"index": 13, "start": 7.638995885848999, "end": 8.659266948699951, "quality": 6, "bitrate": 391570, "throughput": 667265.4040348746, "ratio": 1.0, "url": "http://server/chunk-stream6-00014.m4s"}, {"index": 14, "start": 8.659494876861572, "end": 9.688134908676147, "quality": 6, "bitrate": 391570, "throughput": 675755.2335820536, "ratio": 1.0, "url": "http://server/chunk-stream6-00015.m4s"}, {"index": 15, "start": 9.688330888748169, "end": 10.693597078323364, "quality": 6, "bitrate": 391570, "throughput": 680404.0920548447, "ratio": 1.0, "url": "http://server/chunk-stream6-00016.m4s"}, {"index": 16, "start": 10.693834066390991, "end": 11.219943046569824, "quality": 6, "bitrate": 391570, "throughput": 681696.5280533982, "ratio": 1.0, "url": "http://server/chunk-stream6-00017.m4s"}, {"index": 17, "start": 11.220155000686646, "end": 11.784641027450562, "quality": 6, "bitrate": 391570, "throughput": 645238.6239017621, "ratio": 1.0, "url": "http://server/chunk-stream6-00018.m4s"}, {"index": 18, "start": 11.784899950027466, "end": 12.248957872390747, "quality": 6, "bitrate": 391570, "throughput": 631982.4032520266, "ratio": 1.0, "url": "http://server/chunk-stream6-00019.m4s"}, {"index": 19, "start": 12.249135971069336, "end": 12.711894035339355, "quality": 6, "bitrate": 391570, "throughput": 609792.6420491121, "ratio": 1.0, "url": "http://server/chunk-stream6-00020.m4s"}, {"index": 20, "start": 12.712085962295532, "end": 13.535649061203003, "quality": 6, "bitrate": 391570, "throughput": 598437.8446043364, "ratio": 1.0, "url": "http://server/chunk-stream6-00021.m4s"}, {"index": 21, "start": 13.535834074020386, "end": 13.873353958129883, "quality": 6, "bitrate": 391570, "throughput": 631718.7440511878, "ratio": 1.0, "url": "http://server/chunk-stream6-00022.m4s"}, {"index": 22, "start": 13.873542070388794, "end": 14.198891878128052, "quality": 6, "bitrate": 391570, "throughput": 576047.8159925826, "ratio": 1.0, "url": "http://server/chunk-stream6-00023.m4s"}, {"index": 23, "start": 14.499125957489014, "end": 15.460594892501831, "quality": 6, "bitrate": 391570, "throughput": 543989.8479708768, "ratio": 1.0, "url": "http://server/chunk-stream6-00024.m4s"}], "num_stall": 0, "dur_stall": 0, "avg_bitrate": 401978.7083333333, "num_quality_switches": 1}