{"segments": [{"index": 0, "start": 1.0708448886871338, "end": 1.3190639019012451, "quality": 5, "bitrate": 641379, "throughput": 0, "ratio": 1.0, "url": "http://server/chunk-stream5-00001.m4s"}, {"index": 1, "start": 1.31927490234375, "end": 1.490959882736206, "quality": 6, "bitrate": 391570, "throughput": 709292.0726022525, "ratio": 1.0, "url": "http://server/chunk-stream6-00002.m4s"}, {"index": 2, "start": 1.4911329746246338, "end": 1.655493974685669, "quality": 6, "bitrate": 391570, "throughput": 644615.860376352, "ratio": 1.0, "url": "http://server/chunk-stream6-00003.m4s"}, {"index": 3, "start": 1.6557369232177734, "end": 1.879455804824829, "quality": 6, "bitrate": 391570, "throughput": 686956.3970110002, "ratio": 1.0, "url": "http://server/chunk-stream6-00004.m4s"}, {"index": 4, "start": 1.8796968460083008, "end": 2.5348739624023438, "quality": 6, "bitrate": 391570, "throughput": 712802.1672540333, "ratio": 1.0, "url": "http://server/chunk-stream6-00005.m4s"}, {"index": 5, "start": 2.535050868988037, "end": 3.2423980236053467, "quality": 6, "bitrate": 391570, "throughput": 558335.7881940634, "ratio": 1.0, "url": "http://server/chunk-stream6-00006.m4s"}, {"index": 6, "start": 3.2426328659057617, "end": 3.9873549938201904, "quality": 6, "bitrate": 391570, "throughput": 463927.332771038, "ratio": 1.0, "url": "http://server/chunk-stream6-00007.m4s"}, {"index": 7, "start": 3.987576961517334, "end": 4.580641031265259, "quality": 6, "bitrate": 391570, "throughput": 446261.5708970676, "ratio": 1.0, "url": "http://server/chunk-stream6-00008.m4s"}, {"index": 8, "start": 4.580822944641113, "end": 5.876478910446167, "quality": 6, "bitrate": 391570, "throughput": 519660.3701593665, "ratio": 1.0, "url": "http://server/chunk-stream6-00009.m4s"}, {"index": 9, "start": 5.876673936843872, "end": 6.73974084854126, "quality": 6, "bitrate": 391570, "throughput": 417423.96327119565, "ratio": 1.0, "url": "http://server/chunk-stream6-00010.m4s"}, {"index": 10, "start": 6.73993182182312, "end": 8.203236818313599, "quality": 6, "bitrate": 391570, "throughput": 475910.87260064814, "ratio": 1.0, "url": "http://server/chunk-stream6-00011.m4s"}, {"index": 11, "start": 8.20350193977356, "end": 10.74194884300232, "quality": 6, "bitrate": 391570, "throughput": 392040.62538352463, "ratio": 1.0, "url": "http://server/chunk-stream6-00012.m4s"}, {"index": 12, "start": 10.74213695526123, "end": 11.897007942199707, "quality": 6, "bitrate": 391570, "throughput": 308483.1990301522, "ratio": 1.0, "url": "http://server/chunk-stream6-00013.m4s"}, {"index": 13, "start": 11.89708685874939, "end": 13.506657838821411, "quality": 6, "bitrate": 391570, "throughput": 440168.90792715165, "ratio": 1.0, "url": "http://server/chunk-stream6-00014.m4s"}, {"index": 14, "start": 13.50687289237976, "end": 14.793715953826904, "quality": 6, "bitrate": 391570, "throughput": 436921.0676992764, "ratio": 1.0, "url": "http://server/chunk-stream6-00015.m4s"}, {"index": 15, "start": 14.793924808502197, "end": 16.0826678276062, "quality": 6, "bitrate": 391570, "throughput": 492243.21644469653, "ratio": 1.0, "url": "http://server/chunk-stream6-00016.m4s"}, {"index": 16, "start": 16.082864999771118, "end": 18.500514030456543, "quality": 6, "bitrate": 391570, "throughput": 512457.519200583, "ratio": 1.0, "url": "http://server/chunk-stream6-00017.m4s"}, {"index": 17, "start": 18.500820875167847, "end": 18.965884923934937, "quality": 6, "bitrate": 391570, "throughput": 322451.6512573586, "ratio": 1.0, "url": "http://server/chunk-stream6-00018.m4s"}, {"index": 18, "start": 18.96614098548889, "end": 19.331586837768555, "quality": 6, "bitrate": 391570, "throughput": 536739.7754055378, "ratio": 1.0, "url": "http://server/chunk-stream6-00019.m4s"}, {"index": 19, "start": 19.331768035888672, "end": 19.75331401824951, "quality": 6, "bitrate": 391570, "throughput": 641503.7906818567, "ratio": 1.0, "url": "http://server/chunk-stream6-00020.m4s"}, {"index": 20, "start": 19.75354290008545, "end": 20.754891872406006, "quality": 6, "bitrate": 391570, "throughput": 643023.494104778, "ratio": 1.0, "url": "http://server/chunk-stream6-00021.m4s"}, {"index": 21, "start": 20.755146980285645, "end": 20.99383282661438, "quality": 6, "bitrate": 391570, "throughput": 594977.6589240937, "ratio": 1.0, "url": "http://server/chunk-stream6-00022.m4s"}, {"index": 22, "start": 20.99400281906128, "end": 21.219298839569092, "quality": 6, "bitrate": 391570, "throughput": 665521.6063825246, "ratio": 1.0, "url": "http://server/chunk-stream6-00023.m4s"}, {"index": 23, "start": 21.219506978988647, "end": 22.083040952682495, "quality": 6, "bitrate": 391570, "throughput": 702454.3839362125, "ratio": 1.0, "url": "http://server/chunk-stream6-00024.m4s"}], "num_stall": 1, "dur_stall": 1.6661958694458008, "avg_bitrate": 401978.7083333333, "num_quality_switches": 1}