{"segments": [{"index": 0, "start": 0.053484201431274414, "end": 0.375927209854126, "quality": 5, "bitrate": 641379, "throughput": 0, "ratio": 1.0, "url": "http://server/chunk-stream5-00001.m4s"}, {"index": 1, "start": 0.37618422508239746, "end": 0.547910213470459, "quality": 6, "bitrate": 391570, "throughput": 620325.0162270663, "ratio": 1.0, "url": "http://server/chunk-stream6-00002.m4s"}, {"index": 2, "start": 0.5481271743774414, "end": 0.7126882076263428, "quality": 6, "bitrate": 391570, "throughput": 622235.6353532955, "ratio": 1.0, "url": "http://server/chunk-stream6-00003.m4s"}, {"index": 3, "start": 0.7128810882568359, "end": 0.9364440441131592, "quality": 6, "bitrate": 391570, "throughput": 675390.173917182, "ratio": 1.0, "url": "http://server/chunk-stream6-00004.m4s"}, {"index": 4, "start": 0.9366540908813477, "end": 1.2904410362243652, "quality": 6, "bitrate": 391570, "throughput": 707261.1154082086, "ratio": 1.0, "url": "http://server/chunk-stream6-00005.m4s"}, {"index": 5, "start": 1.2906420230865479, "end": 1.6588950157165527, "quality": 6, "bitrate": 391570, "throughput": 727748.9177201276, "ratio": 1.0, "url": "http://server/chunk-stream6-00006.m4s"}, {"index": 6, "start": 1.6589550971984863, "end": 2.0843591690063477, "quality": 6, "bitrate": 391570, "throughput": 718745.9717548706, "ratio": 1.0, "url": "http://server/chunk-stream6-00007.m4s"}, {"index": 7, "start": 2.084641218185425, "end": 2.5527892112731934, "quality": 6, "bitrate": 391570, "throughput": 734596.9876988084, "ratio": 1.0, "url": "http://server/chunk-stream6-00008.m4s"}, {"index": 8, "start": 2.5530741214752197, "end": 3.626707077026367, "quality": 6, "bitrate": 391570, "throughput": 743020.9865850671, "ratio": 1.0, "url": "http://server/chunk-stream6-00009.m4s"}, {"index": 9, "start": 3.6269590854644775, "end": 4.4236650466918945, "quality": 6, "bitrate": 391570, "throughput": 561717.3166785783, "ratio": 1.0, "url": "http://server/chunk-stream6-00010.m4s"}, {"index": 10, "start": 4.423898220062256, "end": 5.281342029571533, "quality": 6, "bitrate": 391570, "throughput": 570317.9112780215, "ratio": 1.0, "url": "http://server/chunk-stream6-00011.m4s"}, {"index": 11, "start": 5.281565189361572, "end": 6.194396018981934, "quality": 6, "bitrate": 391570, "throughput": 548134.4949847881, "ratio": 1.0, "url": "http://server/chunk-stream6-00012.m4s"}, {"index": 12, "start": 6.194627046585083, "end": 7.359785079956055, "quality": 6, "bitrate": 391570, "throughput": 586879.6203927563, "ratio": 1.0, "url": "http://server/chunk-stream6-00013.m4s"}, {"index": 13, "start": 7.359994173049927, "end": 8.3788480758667, "quality": 6, "bitrate": 391570, "throughput": 576900.8329808566, "ratio": 1.0, "url": "http://server/chunk-stream6-00014.m4s"}, {"index": 14, "start": 8.379045009613037, "end": 9.39297604560852, "quality": 6, "bitrate": 391570, "throughput": 631047.0272461288, "ratio": 1.0, "url": "http://server/chunk-stream6-00015.m4s"}, {"index": 15, "start": 9.393068075180054, "end": 10.689724206924438, "quality": 6, "bitrate": 391570, "throughput": 662986.8017588251, "ratio": 1.0, "url": "http://server/chunk-stream6-00016.m4s"}, {"index": 16, "start": 10.689929008483887, "end": 11.180702209472656, "quality": 6, "bitrate": 391570, "throughput": 596202.32198357, "ratio": 1.0, "url": "http://server/chunk-stream6-00017.m4s"}, {"index": 17, "start": 11.180926084518433, "end": 11.70713210105896, "quality": 6, "bitrate": 391570, "throughput": 624435.8341320949, "ratio": 1.0, "url": "http://server/chunk-stream6-00018.m4s"}, {"index": 18, "start": 11.707320213317871, "end": 12.306663036346436, "quality": 6, "bitrate": 391570, "throughput": 644034.3774512971, "ratio": 1.0, "url": "http://server/chunk-stream6-00019.m4s"}, {"index": 19, "start": 12.306864023208618, "end": 12.81291913986206, "quality": 6, "bitrate": 391570, "throughput": 549489.111965908, "ratio": 1.0, "url": "http://server/chunk-stream6-00020.m4s"}, {"index": 20, "start": 12.813158988952637, "end": 13.77475118637085, "quality": 6, "bitrate": 391570, "throughput": 543158.123909774, "ratio": 1.0, "url": "http://server/chunk-stream6-00021.m4s"}, {"index": 21, "start": 13.775008201599121, "end": 14.013085126876831, "quality": 6, "bitrate": 391570, "throughput": 556351.4775644757, "ratio": 1.0, "url": "http://server/chunk-stream6-00022.m4s"}, {"index": 22, "start": 14.013315200805664, "end": 14.537658214569092, "quality": 6, "bitrate": 391570, "throughput": 647152.0759923327, "ratio": 1.0, "url": "http://server/chunk-stream6-00023.m4s"}, {"index": 23, "start": 14.537853002548218, "end": 15.623489141464233, "quality": 6, "bitrate": 391570, "throughput": 482354.4433473101, "ratio": 1.0, "url": "http://server/chunk-stream6-00024.m4s"}], "num_stall": 0, "dur_stall": 0, "avg_bitrate": 401978.7083333333, "num_quality_switches": 1}