{"segments": [{"index": 0, "start": 0.05385112762451172, "end": 1.5189969539642334, "quality": 5, "bitrate": 641379, "throughput": 0, "ratio": 1.0, "url": "http://server/chunk-stream5-00001.m4s"}, {"index": 1, "start": 1.5192480087280273, "end": 2.201421022415161, "quality": 6, "bitrate": 391570, "throughput": 443186.47162821016, "ratio": 1.0, "url": "http://server/chunk-stream6-00002.m4s"}, {"index": 2, "start": 2.201627016067505, "end": 2.4326789379119873, "quality": 6, "bitrate": 391570, "throughput": 476874.69415450736, "ratio": 1.0, "url": "http://server/chunk-stream6-00003.m4s"}, {"index": 3, "start": 2.432888984680176, "end": 2.6986329555511475, "quality": 6, "bitrate": 391570, "throughput": 497805.94109174336, "ratio": 1.0, "url": "http://server/chunk-stream6-00004.m4s"}, {"index": 4, "start": 2.6988720893859863, "end": 3.3901970386505127, "quality": 6, "bitrate": 391570, "throughput": 559810.3375142129, "ratio": 1.0, "url": "http://server/chunk-stream6-00005.m4s"}, {"index": 5, "start": 3.3903911113739014, "end": 3.9818520545959473, "quality": 6, "bitrate": 391570, "throughput": 471299.3376163463, "ratio": 1.0, "url": "http://server/chunk-stream6-00006.m4s"}, {"index": 6, "start": 3.98205304145813, "end": 4.409018039703369, "quality": 6, "bitrate": 391570, "throughput": 456608.939532153, "ratio": 1.0, "url": "http://server/chunk-stream6-00007.m4s"}, {"index": 7, "start": 4.409212112426758, "end": 4.925787925720215, "quality": 6, "bitrate": 391570, "throughput": 602169.5112511538, "ratio": 1.0, "url": "http://server/chunk-stream6-00008.m4s"}, {"index": 8, "start": 4.926038980484009, "end": 5.862177133560181, "quality": 6, "bitrate": 391570, "throughput": 641588.5349816813, "ratio": 1.0, "url": "http://server/chunk-stream6-00009.m4s"}, {"index": 9, "start": 5.862410068511963, "end": 6.604932069778442, "quality": 6, "bitrate": 391570, "throughput": 538947.7518064234, "ratio": 1.0, "url": "http://server/chunk-stream6-00010.m4s"}, {"index": 10, "start": 6.605181932449341, "end": 7.558599948883057, "quality": 6, "bitrate": 391570, "throughput": 580086.3134317006, "ratio": 1.0, "url": "http://server/chunk-stream6-00011.m4s"}, {"index": 11, "start": 7.558779001235962, "end": 8.313199043273926, "quality": 6, "bitrate": 391570, "throughput": 526551.0353073792, "ratio": 1.0, "url": "http://server/chunk-stream6-00012.m4s"}, {"index": 12, "start": 8.313424110412598, "end": 9.889413118362427, "quality": 6, "bitrate": 391570, "throughput": 641796.6195627153, "ratio": 1.0, "url": "http://server/chunk-stream6-00013.m4s"}, {"index": 13, "start": 9.889524936676025, "end": 11.049284934997559, "quality": 6, "bitrate": 391570, "throughput": 530416.7919207782, "ratio": 1.0, "url": "http://server/chunk-stream6-00014.m4s"}, {"index": 14, "start": 11.049432039260864, "end": 12.497957944869995, "quality": 6, "bitrate": 391570, "throughput": 566159.1758446717, "ratio": 1.0, "url": "http://server/chunk-stream6-00015.m4s"}, {"index": 15, "start": 12.49817705154419, "end": 14.052623987197876, "quality": 6, "bitrate": 391570, "throughput": 526309.827345887, "ratio": 1.0, "url": "http://server/chunk-stream6-00016.m4s"}, {"index": 16, "start": 14.052844047546387, "end": 14.803949117660522, "quality": 6, "bitrate": 391570, "throughput": 483964.6133371617, "ratio": 1.0, "url": "http://server/chunk-stream6-00017.m4s"}, {"index": 17, "start": 14.804115056991577, "end": 15.43126893043518, "quality": 6, "bitrate": 391570, "throughput": 455171.37735084153, "ratio": 1.0, "url": "http://server/chunk-stream6-00018.m4s"}, {"index": 18, "start": 15.431464910507202, "end": 15.842260122299194, "quality": 6, "bitrate": 391570, "throughput": 505989.636704849, "ratio": 1.0, "url": "http://server/chunk-stream6-00019.m4s"}, {"index": 19, "start": 15.842467069625854, "end": 16.2055881023407, "quality": 6, "bitrate": 391570, "throughput": 584910.587469566, "ratio": 1.0, "url": "http://server/chunk-stream6-00020.m4s"}, {"index": 20, "start": 16.205817937850952, "end": 16.929533004760742, "quality": 6, "bitrate": 391570, "throughput": 666597.4028871378, "ratio": 1.0, "url": "http://server/chunk-stream6-00021.m4s"}, {"index": 21, "start": 16.929744958877563, "end": 17.168376922607422, "quality": 6, "bitrate": 391570, "throughput": 711680.1038782855, "ratio": 1.0, "url": "http://server/chunk-stream6-00022.m4s"}, {"index": 22, "start": 17.16865110397339, "end": 17.39513397216797, "quality": 6, "bitrate": 391570, "throughput": 724083.0329609617, "ratio": 1.0, "url": "http://server/chunk-stream6-00023.m4s"}, {"index": 23, "start": 17.39537501335144, "end": 18.344500064849854, "quality": 6, "bitrate": 391570, "throughput": 729904.4526857603, "ratio": 1.0, "url": "http://server/chunk-stream6-00024.m4s"}], "num_stall": 0, "dur_stall": 0, "avg_bitrate": 401978.7083333333, "num_quality_switches": 1}