{"segments": [{"index": 0, "start": 0.2558779716491699, "end": 0.905677080154419, "quality": 4, "bitrate": 988603, "throughput": 0, "ratio": 1.0, "url": "http://server/chunk-stream4-00001.m4s"}, {"index": 1, "start": 0.9058761596679688, "end": 1.2775790691375732, "quality": 6, "bitrate": 391570, "throughput": 544460.3799805348, "ratio": 1.0, "url": "http://server/chunk-stream6-00002.m4s"}, {"index": 2, "start": 1.2777831554412842, "end": 1.5426900386810303, "quality": 6, "bitrate": 391570, "throughput": 371844.8029195416, "ratio": 1.0, "url": "http://server/chunk-stream6-00003.m4s"}, {"index": 3, "start": 1.5430810451507568, "end": 1.867415189743042, "quality": 6, "bitrate": 391570, "throughput": 412198.6100662196, "ratio": 1.0, "url": "http://server/chunk-stream6-00004.m4s"}, {"index": 4, "start": 1.8676371574401855, "end": 2.3212921619415283, "quality": 6, "bitrate": 391570, "throughput": 460840.2736818698, "ratio": 1.0, "url": "http://server/chunk-stream6-00005.m4s"}, {"index": 5, "start": 2.3214621543884277, "end": 2.7708539962768555, "quality": 6, "bitrate": 391570, "throughput": 522129.99170309515, "ratio": 1.0, "url": "http://server/chunk-stream6-00006.m4s"}, {"index": 6, "start": 2.7710540294647217, "end": 3.2962100505828857, "quality": 6, "bitrate": 391570, "throughput": 551928.3390646824, "ratio": 1.0, "url": "http://server/chunk-stream6-00007.m4s"}, {"index": 7, "start": 3.2964491844177246, "end": 3.864078998565674, "quality": 6, "bitrate": 391570, "throughput": 579936.3282459583, "ratio": 1.0, "url": "http://server/chunk-stream6-00008.m4s"}, {"index": 8, "start": 3.864333152770996, "end": 4.506178140640259, "quality": 6, "bitrate": 391570, "throughput": 599806.6546880021, "ratio": 1.0, "url": "http://server/chunk-stream6-00009.m4s"}, {"index": 9, "start": 4.506443023681641, "end": 5.217188119888306, "quality": 6, "bitrate": 391570, "throughput": 618130.4030268262, "ratio": 1.0, "url": "http://server/chunk-stream6-00010.m4s"}, {"index": 10, "start": 5.217405080795288, "end": 5.914308071136475, "quality": 6, "bitrate": 391570, "throughput": 633573.8078231349, "ratio": 1.0, "url": "http://server/chunk-stream6-00011.m4s"}, {"index": 11, "start": 5.914477109909058, "end": 6.768563985824585, "quality": 6, "bitrate": 391570, "throughput": 640361.540305817, "ratio": 1.0, "url": "http://server/chunk-stream6-00012.m4s"}, {"index": 12, "start": 6.768762111663818, "end": 8.450391054153442, "quality": 5, "bitrate": 641379, "throughput": 654498.1557012304, "ratio": 1.0, "url": "http://server/chunk-stream5-00013.m4s"}, {"index": 13, "start": 8.450632095336914, "end": 9.471009969711304, "quality": 6, "bitrate": 391570, "throughput": 534551.5432878248, "ratio": 1.0, "url": "http://server/chunk-stream6-00014.m4s"}, {"index": 14, "start": 9.471211194992065, "end": 10.499845027923584, "quality": 6, "bitrate": 391570, "throughput": 609366.8778343212, "ratio": 1.0, "url": "http://server/chunk-stream6-00015.m4s"}, {"index": 15, "start": 10.500133991241455, "end": 12.062703132629395, "quality": 5, "bitrate": 641379, "throughput": 647249.0686503921, "ratio": 1.0, "url": "http://server/chunk-stream5-00016.m4s"}, {"index": 16, "start": 12.062946081161499, "end": 12.79475212097168, "quality": 5, "bitrate": 641379, "throughput": 679710.9919539937, "ratio": 1.0, "url": "http://server/chunk-stream5-00017.m4s"}, {"index": 17, "start": 12.794941186904907, "end": 13.617186069488525, "quality": 5, "bitrate": 641379, "throughput": 665944.8538959727, "ratio": 1.0, "url": "http://server/chunk-stream5-00018.m4s"}, {"index": 18, "start": 13.617400169372559, "end": 14.246662139892578, "quality": 5, "bitrate": 641379, "throughput": 665421.0108046394, "ratio": 1.0, "url": "http://server/chunk-stream5-00019.m4s"}, {"index": 19, "start": 14.246910095214844, "end": 14.907464981079102, "quality": 5, "bitrate": 641379, "throughput": 649595.6819553184, "ratio": 1.0, "url": "http://server/chunk-stream5-00020.m4s"}, {"index": 20, "start": 14.907682180404663, "end": 15.957168102264404, "quality": 5, "bitrate": 641379, "throughput": 644862.3702859909, "ratio": 1.0, "url": "http://server/chunk-stream5-00021.m4s"}, {"index": 21, "start": 15.957389116287231, "end": 16.39331817626953, "quality": 5, "bitrate": 641379, "throughput": 665552.736190507, "ratio": 1.0, "url": "http://server/chunk-stream5-00022.m4s"}, {"index": 22, "start": 16.39350199699402, "end": 16.71932315826416, "quality": 6, "bitrate": 391570, "throughput": 620095.6935171274, "ratio": 1.0, "url": "http://server/chunk-stream6-00023.m4s"}, {"index": 23, "start": 16.719475984573364, "end": 17.680727005004883, "quality": 6, "bitrate": 391570, "throughput": 565636.3418138535, "ratio": 1.0, "url": "http://server/chunk-stream6-00024.m4s"}], "num_stall": 0, "dur_stall": 0, "avg_bitrate": 499716.0416666667, "num_quality_switches": 5}