{"segments": [{"index": 0, "start": 0.2565321922302246, "end": 0.9066801071166992, "quality": 4, "bitrate": 988603, "throughput": 0, "ratio": 1.0, "url": "http://server/chunk-stream4-00001.m4s"}, {"index": 1, "start": 0.9069809913635254, "end": 1.279299020767212, "quality": 6, "bitrate": 391570, "throughput": 544445.2171007181, "ratio": 1.0, "url": "http://server/chunk-stream6-00002.m4s"}, {"index": 2, "start": 1.279522180557251, "end": 1.5439341068267822, "quality": 6, "bitrate": 391570, "throughput": 371679.3601858922, "ratio": 1.0, "url": "http://server/chunk-stream6-00003.m4s"}, {"index": 3, "start": 1.5441091060638428, "end": 1.8677871227264404, "quality": 6, "bitrate": 391570, "throughput": 412439.12788262666, "ratio": 1.0, "url": "http://server/chunk-stream6-00004.m4s"}, {"index": 4, "start": 1.867969036102295, "end": 2.3216841220855713, "quality": 6, "bitrate": 391570, "throughput": 461395.56262052746, "ratio": 1.0, "url": "http://server/chunk-stream6-00005.m4s"}, {"index": 5, "start": 2.321995973587036, "end": 2.771836042404175, "quality": 6, "bitrate": 391570, "throughput": 522447.8302228185, "ratio": 1.0, "url": "http://server/chunk-stream6-00006.m4s"}, {"index": 6, "start": 2.7721400260925293, "end": 3.2973921298980713, "quality": 6, "bitrate": 391570, "throughput": 551844.6001853744, "ratio": 1.0, "url": "http://server/chunk-stream6-00007.m4s"}, {"index": 7, "start": 3.297605037689209, "end": 3.8650810718536377, "quality": 6, "bitrate": 391570, "throughput": 579815.0782172444, "ratio": 1.0, "url": "http://server/chunk-stream6-00008.m4s"}, {"index": 8, "start": 3.8653149604797363, "end": 4.507853031158447, "quality": 6, "bitrate": 391570, "throughput": 599852.6979392457, "ratio": 1.0, "url": "http://server/chunk-stream6-00009.m4s"}, {"index": 9, "start": 4.5081870555877686, "end": 5.219195127487183, "quality": 6, "bitrate": 391570, "throughput": 617848.2359743663, "ratio": 1.0, "url": "http://server/chunk-stream6-00010.m4s"}, {"index": 10, "start": 5.219449043273926, "end": 5.9167540073394775, "quality": 6, "bitrate": 391570, "throughput": 633330.3862518237, "ratio": 1.0, "url": "http://server/chunk-stream6-00011.m4s"}, {"index": 11, "start": 5.917003154754639, "end": 6.771694183349609, "quality": 6, "bitrate": 391570, "throughput": 640093.6159405095, "ratio": 1.0, "url": "http://server/chunk-stream6-00012.m4s"}, {"index": 12, "start": 6.771864175796509, "end": 8.453418016433716, "quality": 5, "bitrate": 641379, "throughput": 654160.7161151418, "ratio": 1.0, "url": "http://server/chunk-stream5-00013.m4s"}, {"index": 13, "start": 8.453703165054321, "end": 9.474193096160889, "quality": 6, "bitrate": 391570, "throughput": 534474.3156913854, "ratio": 1.0, "url": "http://server/chunk-stream6-00014.m4s"}, {"index": 14, "start": 9.474394083023071, "end": 10.503010988235474, "quality": 6, "bitrate": 391570, "throughput": 609297.4040206514, "ratio": 1.0, "url": "http://server/chunk-stream6-00015.m4s"}, {"index": 15, "start": 10.503292083740234, "end": 12.065890073776245, "quality": 5, "bitrate": 641379, "throughput": 647201.8617017766, "ratio": 1.0, "url": "http://server/chunk-stream5-00016.m4s"}, {"index": 16, "start": 12.066078186035156, "end": 12.797971963882446, "quality": 5, "bitrate": 641379, "throughput": 679664.943900344, "ratio": 1.0, "url": "http://server/chunk-stream5-00017.m4s"}, {"index": 17, "start": 12.798197984695435, "end": 13.620548009872437, "quality": 5, "bitrate": 641379, "throughput": 665892.1838847923, "ratio": 1.0, "url": "http://server/chunk-stream5-00018.m4s"}, {"index": 18, "start": 13.62074899673462, "end": 14.249732971191406, "quality": 5, "bitrate": 641379, "throughput": 665348.5926067742, "ratio": 1.0, "url": "http://server/chunk-stream5-00019.m4s"}, {"index": 19, "start": 14.249917030334473, "end": 14.910506963729858, "quality": 5, "bitrate": 641379, "throughput": 649679.394243744, "ratio": 1.0, "url": "http://server/chunk-stream5-00020.m4s"}, {"index": 20, "start": 14.910768032073975, "end": 15.960294961929321, "quality": 5, "bitrate": 641379, "throughput": 644892.0928244088, "ratio": 1.0, "url": "http://server/chunk-stream5-00021.m4s"}, {"index": 21, "start": 15.96054196357727, "end": 16.396459102630615, "quality": 5, "bitrate": 641379, "throughput": 665551.613243531, "ratio": 1.0, "url": "http://server/chunk-stream5-00022.m4s"}, {"index": 22, "start": 16.396728038787842, "end": 16.72283697128296, "quality": 6, "bitrate": 391570, "throughput": 620144.6632162561, "ratio": 1.0, "url": "http://server/chunk-stream6-00023.m4s"}, {"index": 23, "start": 16.723085165023804, "end": 17.684700965881348, "quality": 6, "bitrate": 391570, "throughput": 565470.2790453217, "ratio": 1.0, "url": "http://server/chunk-stream6-00024.m4s"}], "num_stall": 0, "dur_stall": 0, "avg_bitrate": 499716.0416666667, "num_quality_switches": 5}