{"segments": [{"index": 0, "start": 0.25751805305480957, "end": 0.9072821140289307, "quality": 4, "bitrate": 988603, "throughput": 0, "ratio": 1.0, "url": "http://server/chunk-stream4-00001.m4s"}, {"index": 1, "start": 0.907555103302002, "end": 1.2798140048980713, "quality": 6, "bitrate": 391570, "throughput": 544244.3902643626, "ratio": 1.0, "url": "http://server/chunk-stream6-00002.m4s"}, {"index": 2, "start": 1.2800590991973877, "end": 1.545039176940918, "quality": 6, "bitrate": 391570, "throughput": 371559.1078927559, "ratio": 1.0, "url": "http://server/chunk-stream6-00003.m4s"}, {"index": 3, "start": 1.5451891422271729, "end": 1.8693711757659912, "quality": 6, "bitrate": 391570, "throughput": 411871.58448039915, "ratio": 1.0, "url": "http://server/chunk-stream6-00004.m4s"}, {"index": 4, "start": 1.8695800304412842, "end": 2.3237240314483643, "quality": 6, "bitrate": 391570, "throughput": 460750.44440272055, "ratio": 1.0, "url": "http://server/chunk-stream6-00005.m4s"}, {"index": 5, "start": 2.3239481449127197, "end": 2.7734591960906982, "quality": 6, "bitrate": 391570, "throughput": 521879.06478924805, "ratio": 1.0, "url": "http://server/chunk-stream6-00006.m4s"}, {"index": 6, "start": 2.7736780643463135, "end": 3.2995290756225586, "quality": 6, "bitrate": 391570, "throughput": 551753.0151021858, "ratio": 1.0, "url": "http://server/chunk-stream6-00007.m4s"}, {"index": 7, "start": 3.2998270988464355, "end": 3.8681721687316895, "quality": 6, "bitrate": 391570, "throughput": 579559.0930282616, "ratio": 1.0, "url": "http://server/chunk-stream6-00008.m4s"}, {"index": 8, "start": 3.868415117263794, "end": 4.510631084442139, "quality": 6, "bitrate": 391570, "throughput": 599263.2656415983, "ratio": 1.0, "url": "http://server/chunk-stream6-00009.m4s"}, {"index": 9, "start": 4.510899066925049, "end": 5.222070217132568, "quality": 6, "bitrate": 391570, "throughput": 617689.5595008377, "ratio": 1.0, "url": "http://server/chunk-stream6-00010.m4s"}, {"index": 10, "start": 5.222264051437378, "end": 5.919669151306152, "quality": 6, "bitrate": 391570, "throughput": 633142.6836417394, "ratio": 1.0, "url": "http://server/chunk-stream6-00011.m4s"}, {"index": 11, "start": 5.919993162155151, "end": 6.7746970653533936, "quality": 6, "bitrate": 391570, "throughput": 639943.3511385013, "ratio": 1.0, "url": "http://server/chunk-stream6-00012.m4s"}, {"index": 12, "start": 6.77491307258606, "end": 8.45693302154541, "quality": 5, "bitrate": 641379, "throughput": 654087.2620187982, "ratio": 1.0, "url": "http://server/chunk-stream5-00013.m4s"}, {"index": 13, "start": 8.45723819732666, "end": 9.477985143661499, "quality": 6, "bitrate": 391570, "throughput": 534412.3442181168, "ratio": 1.0, "url": "http://server/chunk-stream6-00014.m4s"}, {"index": 14, "start": 9.478171110153198, "end": 10.507040023803711, "quality": 6, "bitrate": 391570, "throughput": 609173.5520444333, "ratio": 1.0, "url": "http://server/chunk-stream6-00015.m4s"}, {"index": 15, "start": 10.507248163223267, "end": 12.070067167282104, "quality": 5, "bitrate": 641379, "throughput": 647058.3865542812, "ratio": 1.0, "url": "http://server/chunk-stream5-00016.m4s"}, {"index": 16, "start": 12.070303201675415, "end": 12.802648067474365, "quality": 5, "bitrate": 641379, "throughput": 679597.4450376873, "ratio": 1.0, "url": "http://server/chunk-stream5-00017.m4s"}, {"index": 17, "start": 12.802815198898315, "end": 13.625524997711182, "quality": 5, "bitrate": 641379, "throughput": 665655.4141007565, "ratio": 1.0, "url": "http://server/chunk-stream5-00018.m4s"}, {"index": 18, "start": 13.625688076019287, "end": 14.254712104797363, "quality": 5, "bitrate": 641379, "throughput": 665086.4485930051, "ratio": 1.0, "url": "http://server/chunk-stream5-00019.m4s"}, {"index": 19, "start": 14.254956007003784, "end": 14.915873050689697, "quality": 5, "bitrate": 641379, "throughput": 649527.167184239, "ratio": 1.0, "url": "http://server/chunk-stream5-00020.m4s"}, {"index": 20, "start": 14.916092157363892, "end": 15.965936183929443, "quality": 5, "bitrate": 641379, "throughput": 644661.789331291, "ratio": 1.0, "url": "http://server/chunk-stream5-00021.m4s"}, {"index": 21, "start": 15.966186046600342, "end": 16.401584148406982, "quality": 5, "bitrate": 641379, "throughput": 665324.6136688034, "ratio": 1.0, "url": "http://server/chunk-stream5-00022.m4s"}, {"index": 22, "start": 16.401795148849487, "end": 16.72729802131653, "quality": 6, "bitrate": 391570, "throughput": 620347.6220776443, "ratio": 1.0, "url": "http://server/chunk-stream6-00023.m4s"}, {"index": 23, "start": 16.727492094039917, "end": 17.689220190048218, "quality": 6, "bitrate": 391570, "throughput": 566005.2498980137, "ratio": 1.0, "url": "http://server/chunk-stream6-00024.m4s"}], "num_stall": 0, "dur_stall": 0, "avg_bitrate": 499716.0416666667, "num_quality_switches": 5}