{"segments": [{"index": 0, "start": 0.06891608238220215, "end": 0.46114206314086914, "quality": 6, "bitrate": 391570, "throughput": 0, "ratio": 1.0, "url": "http://server/chunk-stream6-00001.m4s"}, {"index": 1, "start": 0.46128201484680176, "end": 0.6156761646270752, "quality": 6, "bitrate": 391570, "throughput": 622503.7840624766, "ratio": 1.0, "url": "http://server/chunk-stream6-00002.m4s"}, {"index": 2, "start": 0.6159429550170898, "end": 0.880885124206543, "quality": 5, "bitrate": 641379, "throughput": 675955.9330983651, "ratio": 1.0, "url": "http://server/chunk-stream5-00003.m4s"}, {"index": 3, "start": 0.8811051845550537, "end": 1.7273609638214111, "quality": 4, "bitrate": 988603, "throughput": 643129.1632789564, "ratio": 1.0, "url": "http://server/chunk-stream4-00004.m4s"}, {"index": 4, "start": 1.7275631427764893, "end": 2.9897451400756836, "quality": 4, "bitrate": 988603, "throughput": 547606.4302608975, "ratio": 1.0, "url": "http://server/chunk-stream4-00005.m4s"}, {"index": 5, "start": 2.990046977996826, "end": 4.458762168884277, "quality": 4, "bitrate": 988603, "throughput": 603853.9280774492, "ratio": 1.0, "url": "http://server/chunk-stream4-00006.m4s"}, {"index": 6, "start": 4.458909034729004, "end": 6.032217025756836, "quality": 4, "bitrate": 988603, "throughput": 613412.9383331144, "ratio": 1.0, "url": "http://server/chunk-stream4-00007.m4s"}, {"index": 7, "start": 6.032289981842041, "end": 7.666474103927612, "quality": 5, "bitrate": 641379, "throughput": 592123.0388419537, "ratio": 1.0, "url": "http://server/chunk-stream5-00008.m4s"}, {"index": 8, "start": 7.666537046432495, "end": 9.904778003692627, "quality": 5, "bitrate": 641379, "throughput": 485936.16080004675, "ratio": 1.0, "url": "http://server/chunk-stream5-00009.m4s"}, {"index": 9, "start": 9.905003070831299, "end": 10.849431037902832, "quality": 6, "bitrate": 391570, "throughput": 405857.1953293857, "ratio": 1.0, "url": "http://server/chunk-stream6-00010.m4s"}, {"index": 10, "start": 10.849558115005493, "end": 12.043044090270996, "quality": 5, "bitrate": 641379, "throughput": 447066.0815526338, "ratio": 1.0, "url": "http://server/chunk-stream5-00011.m4s"}, {"index": 11, "start": 12.04322600364685, "end": 15.42745304107666, "quality": 4, "bitrate": 988603, "throughput": 558580.3462832011, "ratio": 1.0, "url": "http://server/chunk-stream4-00012.m4s"}, {"index": 12, "start": 15.427678108215332, "end": 16.300629138946533, "quality": 6, "bitrate": 391570, "throughput": 523492.8893218822, "ratio": 1.0, "url": "http://server/chunk-stream6-00013.m4s"}, {"index": 13, "start": 16.300804138183594, "end": 18.41812014579773, "quality": 5, "bitrate": 641379, "throughput": 640059.1738362015, "ratio": 1.0, "url": "http://server/chunk-stream5-00014.m4s"}, {"index": 14, "start": 18.418293952941895, "end": 22.055564165115356, "quality": 4, "bitrate": 988603, "throughput": 593500.2358619124, "ratio": 1.0, "url": "http://server/chunk-stream4-00015.m4s"}, {"index": 15, "start": 22.05580496788025, "end": 23.56489896774292, "quality": 6, "bitrate": 391570, "throughput": 535237.309988047, "ratio": 1.0, "url": "http://server/chunk-stream6-00016.m4s"}, {"index": 16, "start": 23.565083026885986, "end": 24.346029043197632, "quality": 5, "bitrate": 641379, "throughput": 495066.89654058893, "ratio": 1.0, "url": "http://server/chunk-stream5-00017.m4s"}, {"index": 17, "start": 24.34620714187622, "end": 27.139127016067505, "quality": 4, "bitrate": 988603, "throughput": 553095.2876729165, "ratio": 1.0, "url": "http://server/chunk-stream4-00018.m4s"}, {"index": 18, "start": 27.139235973358154, "end": 28.27387809753418, "quality": 5, "bitrate": 641379, "throughput": 404429.6039430946, "ratio": 1.0, "url": "http://server/chunk-stream5-00019.m4s"}, {"index": 19, "start": 28.27396011352539, "end": 28.877695083618164, "quality": 5, "bitrate": 641379, "throughput": 377900.1171141291, "ratio": 1.0, "url": "http://server/chunk-stream5-00020.m4s"}, {"index": 20, "start": 28.877891063690186, "end": 29.912878036499023, "quality": 5, "bitrate": 641379, "throughput": 539140.237591979, "ratio": 1.0, "url": "http://server/chunk-stream5-00021.m4s"}, {"index": 21, "start": 29.91304612159729, "end": 30.249032974243164, "quality": 5, "bitrate": 641379, "throughput": 617466.7704464684, "ratio": 1.0, "url": "http://server/chunk-stream5-00022.m4s"}, {"index": 22, "start": 30.249292135238647, "end": 30.565879106521606, "quality": 5, "bitrate": 641379, "throughput": 681600.1189002541, "ratio": 1.0, "url": "http://server/chunk-stream5-00023.m4s"}, {"index": 23, "start": 30.566087007522583, "end": 32.60774207115173, "quality": 4, "bitrate": 988603, "throughput": 712991.0091079692, "ratio": 1.0, "url": "http://server/chunk-stream4-00024.m4s"}], "num_stall": 3, "dur_stall": 9.447613000869751, "avg_bitrate": 705076.7916666666, "num_quality_switches": 14}