{"segments": [{"index": 0, "start": 0.05344891548156738, "end": 1.534930944442749, "quality": 6, "bitrate": 391570, "throughput": 0, "ratio": 1.0, "url": "http://server/chunk-stream6-00001.m4s"}, {"index": 1, "start": 1.5351219177246094, "end": 1.7330060005187988, "quality": 6, "bitrate": 391570, "throughput": 516342.3999228262, "ratio": 1.0, "url": "http://server/chunk-stream6-00002.m4s"}, {"index": 2, "start": 1.7331180572509766, "end": 2.0118319988250732, "quality": 5, "bitrate": 641379, "throughput": 542548.9636057559, "ratio": 1.0, "url": "http://server/chunk-stream5-00003.m4s"}, {"index": 3, "start": 2.011924982070923, "end": 2.7071518898010254, "quality": 4, "bitrate": 988603, "throughput": 563204.5442020402, "ratio": 1.0, "url": "http://server/chunk-stream4-00004.m4s"}, {"index": 4, "start": 2.7072389125823975, "end": 3.8048999309539795, "quality": 4, "bitrate": 988603, "throughput": 567313.7652424583, "ratio": 1.0, "url": "http://server/chunk-stream4-00005.m4s"}, {"index": 5, "start": 3.805124044418335, "end": 5.674517869949341, "quality": 4, "bitrate": 988603, "throughput": 663189.5477514794, "ratio": 1.0, "url": "http://server/chunk-stream4-00006.m4s"}, {"index": 6, "start": 5.674727916717529, "end": 7.198168039321899, "quality": 4, "bitrate": 988603, "throughput": 576312.1809447845, "ratio": 1.0, "url": "http://server/chunk-stream4-00007.m4s"}, {"index": 7, "start": 7.198256969451904, "end": 8.478713989257812, "quality": 5, "bitrate": 641379, "throughput": 582908.6203477015, "ratio": 1.0, "url": "http://server/chunk-stream5-00008.m4s"}, {"index": 8, "start": 8.478800058364868, "end": 10.174999952316284, "quality": 5, "bitrate": 641379, "throughput": 533790.1841152075, "ratio": 1.0, "url": "http://server/chunk-stream5-00009.m4s"}, {"index": 9, "start": 10.175068855285645, "end": 10.834161043167114, "quality": 6, "bitrate": 391570, "throughput": 481844.93745929404, "ratio": 1.0, "url": "http://server/chunk-stream6-00010.m4s"}, {"index": 10, "start": 10.834230899810791, "end": 12.38452696800232, "quality": 5, "bitrate": 641379, "throughput": 590743.0621355646, "ratio": 1.0, "url": "http://server/chunk-stream5-00011.m4s"}, {"index": 11, "start": 12.384612083435059, "end": 17.492258071899414, "quality": 4, "bitrate": 988603, "throughput": 553271.5078770708, "ratio": 1.0, "url": "http://server/chunk-stream4-00012.m4s"}, {"index": 12, "start": 17.49233603477478, "end": 19.067944049835205, "quality": 6, "bitrate": 391570, "throughput": 438422.9695473934, "ratio": 1.0, "url": "http://server/chunk-stream6-00013.m4s"}, {"index": 13, "start": 19.06800103187561, "end": 20.591599941253662, "quality": 5, "bitrate": 641379, "throughput": 428778.1286484078, "ratio": 1.0, "url": "http://server/chunk-stream5-00014.m4s"}, {"index": 14, "start": 20.59169888496399, "end": 23.934359073638916, "quality": 4, "bitrate": 988603, "throughput": 594419.3067547444, "ratio": 1.0, "url": "http://server/chunk-stream4-00015.m4s"}, {"index": 15, "start": 23.934468030929565, "end": 24.922882080078125, "quality": 6, "bitrate": 391570, "throughput": 556696.8549072378, "ratio": 1.0, "url": "http://server/chunk-stream6-00016.m4s"}, {"index": 16, "start": 24.92301893234253, "end": 25.685829877853394, "quality": 5, "bitrate": 641379, "throughput": 625609.0913843414, "ratio": 1.0, "url": "http://server/chunk-stream5-00017.m4s"}, {"index": 17, "start": 25.68601393699646, "end": 27.681966066360474, "quality": 4, "bitrate": 988603, "throughput": 625679.3199136786, "ratio": 1.0, "url": "http://server/chunk-stream4-00018.m4s"}, {"index": 18, "start": 27.682286024093628, "end": 28.260082960128784, "quality": 5, "bitrate": 641379, "throughput": 491799.41529264493, "ratio": 1.0, "url": "http://server/chunk-stream5-00019.m4s"}, {"index": 19, "start": 28.26017689704895, "end": 32.95741891860962, "quality": 4, "bitrate": 988603, "throughput": 590959.6463208172, "ratio": 1.0, "url": "http://server/chunk-stream4-00020.m4s"}, {"index": 20, "start": 32.95752191543579, "end": 33.96709394454956, "quality": 6, "bitrate": 391570, "throughput": 353339.17235845193, "ratio": 1.0, "url": "http://server/chunk-stream6-00021.m4s"}, {"index": 21, "start": 33.9673068523407, "end": 34.302820920944214, "quality": 5, "bitrate": 641379, "throughput": 447924.7900385484, "ratio": 1.0, "url": "http://server/chunk-stream5-00022.m4s"}, {"index": 22, "start": 34.303011894226074, "end": 34.77792406082153, "quality": 4, "bitrate": 988603, "throughput": 597322.5199681686, "ratio": 1.0, "url": "http://server/chunk-stream4-00023.m4s"}, {"index": 23, "start": 34.77803087234497, "end": 36.692030906677246, "quality": 4, "bitrate": 988603, "throughput": 628625.3312661379, "ratio": 1.0, "url": "http://server/chunk-stream4-00024.m4s"}], "num_stall": 4, "dur_stall": 13.243482828140259, "avg_bitrate": 723603.4166666666, "num_quality_switches": 17}