{"segments": [{"index": 0, "start": 0.0559849739074707, "end": 0.31230616569519043, "quality": 6, "bitrate": 391570, "throughput": 0, "ratio": 1.0, "url": "http://server/chunk-stream6-00001.m4s"}, {"index": 1, "start": 0.31240105628967285, "end": 0.4667091369628906, "quality": 6, "bitrate": 391570, "throughput": 571641.2921188892, "ratio": 1.0, "url": "http://server/chunk-stream6-00002.m4s"}, {"index": 2, "start": 0.46692895889282227, "end": 1.2138609886169434, "quality": 5, "bitrate": 641379, "throughput": 650709.7421922875, "ratio": 1.0, "url": "http://server/chunk-stream5-00003.m4s"}, {"index": 3, "start": 1.214055061340332, "end": 1.8912720680236816, "quality": 4, "bitrate": 988603, "throughput": 392608.9454277656, "ratio": 1.0, "url": "http://server/chunk-stream4-00004.m4s"}, {"index": 4, "start": 1.8914611339569092, "end": 3.205590009689331, "quality": 4, "bitrate": 988603, "throughput": 578603.7819210734, "ratio": 1.0, "url": "http://server/chunk-stream4-00005.m4s"}, {"index": 5, "start": 3.205780029296875, "end": 4.573955059051514, "quality": 4, "bitrate": 988603, "throughput": 606284.476500066, "ratio": 1.0, "url": "http://server/chunk-stream4-00006.m4s"}, {"index": 6, "start": 4.574161052703857, "end": 6.041922092437744, "quality": 4, "bitrate": 988603, "throughput": 637551.7779377385, "ratio": 1.0, "url": "http://server/chunk-stream4-00007.m4s"}, {"index": 7, "start": 6.042155027389526, "end": 7.057866096496582, "quality": 5, "bitrate": 641379, "throughput": 624751.3246850792, "ratio": 1.0, "url": "http://server/chunk-stream5-00008.m4s"}, {"index": 8, "start": 7.058053016662598, "end": 8.02027416229248, "quality": 5, "bitrate": 641379, "throughput": 617923.4454881893, "ratio": 1.0, "url": "http://server/chunk-stream5-00009.m4s"}, {"index": 9, "start": 8.020475149154663, "end": 9.179574012756348, "quality": 5, "bitrate": 641379, "throughput": 687911.3777461939, "ratio": 1.0, "url": "http://server/chunk-stream5-00010.m4s"}, {"index": 10, "start": 9.179728031158447, "end": 11.540179014205933, "quality": 5, "bitrate": 641379, "throughput": 688022.1934610892, "ratio": 1.0, "url": "http://server/chunk-stream5-00011.m4s"}, {"index": 11, "start": 11.540354013442993, "end": 12.29575800895691, "quality": 6, "bitrate": 391570, "throughput": 513396.0105854076, "ratio": 1.0, "url": "http://server/chunk-stream6-00012.m4s"}, {"index": 12, "start": 12.29613208770752, "end": 14.149510145187378, "quality": 5, "bitrate": 641379, "throughput": 634716.9187997474, "ratio": 1.0, "url": "http://server/chunk-stream5-00013.m4s"}, {"index": 13, "start": 14.149744033813477, "end": 16.450613021850586, "quality": 4, "bitrate": 988603, "throughput": 617923.1616745566, "ratio": 1.0, "url": "http://server/chunk-stream4-00014.m4s"}, {"index": 14, "start": 16.45076298713684, "end": 18.10914707183838, "quality": 5, "bitrate": 641379, "throughput": 682554.0912503392, "ratio": 1.0, "url": "http://server/chunk-stream5-00015.m4s"}, {"index": 15, "start": 18.10929012298584, "end": 19.57352614402771, "quality": 5, "bitrate": 641379, "throughput": 693650.5501190957, "ratio": 1.0, "url": "http://server/chunk-stream5-00016.m4s"}, {"index": 16, "start": 19.57371211051941, "end": 20.329779148101807, "quality": 6, "bitrate": 391570, "throughput": 726769.829333371, "ratio": 1.0, "url": "http://server/chunk-stream6-00017.m4s"}, {"index": 17, "start": 20.32995295524597, "end": 21.33523201942444, "quality": 5, "bitrate": 641379, "throughput": 575195.0220521786, "ratio": 1.0, "url": "http://server/chunk-stream5-00018.m4s"}, {"index": 18, "start": 21.33546495437622, "end": 22.589118003845215, "quality": 4, "bitrate": 988603, "throughput": 559507.4088640682, "ratio": 1.0, "url": "http://server/chunk-stream4-00019.m4s"}, {"index": 19, "start": 22.58934712409973, "end": 23.924668073654175, "quality": 4, "bitrate": 988603, "throughput": 493224.2902364829, "ratio": 1.0, "url": "http://server/chunk-stream4-00020.m4s"}, {"index": 20, "start": 23.924877166748047, "end": 25.19974112510681, "quality": 4, "bitrate": 988603, "throughput": 450170.45742205286, "ratio": 1.0, "url": "http://server/chunk-stream4-00021.m4s"}, {"index": 21, "start": 25.199959993362427, "end": 25.534959077835083, "quality": 5, "bitrate": 641379, "throughput": 590490.2843992148, "ratio": 1.0, "url": "http://server/chunk-stream5-00022.m4s"}, {"index": 22, "start": 25.535041093826294, "end": 25.95230507850647, "quality": 4, "bitrate": 988603, "throughput": 669089.8514698783, "ratio": 1.0, "url": "http://server/chunk-stream4-00023.m4s"}, {"index": 23, "start": 25.952486991882324, "end": 28.15727996826172, "quality": 4, "bitrate": 988603, "throughput": 710183.0827795134, "ratio": 1.0, "url": "http://server/chunk-stream4-00024.m4s"}], "num_stall": 2, "dur_stall": 5.147429943084717, "avg_bitrate": 744420.8333333334, "num_quality_switches": 12}