{"segments": [{"index": 0, "start": 0.35726213455200195, "end": 0.8424689769744873, "quality": 6, "bitrate": 391570, "throughput": 0, "ratio": 1.0, "url": "http://server/chunk-stream6-00001.m4s"}, {"index": 1, "start": 0.842832088470459, "end": 1.0987391471862793, "quality": 6, "bitrate": 391570, "throughput": 484087.1052382338, "ratio": 1.0, "url": "http://server/chunk-stream6-00002.m4s"}, {"index": 2, "start": 1.0992929935455322, "end": 1.5646049976348877, "quality": 5, "bitrate": 641379, "throughput": 462166.81422764296, "ratio": 1.0, "url": "http://server/chunk-stream5-00003.m4s"}, {"index": 3, "start": 1.5648250579833984, "end": 2.441962957382202, "quality": 4, "bitrate": 988603, "throughput": 394554.3699005116, "ratio": 1.0, "url": "http://server/chunk-stream4-00004.m4s"}, {"index": 4, "start": 2.4421679973602295, "end": 3.6384949684143066, "quality": 4, "bitrate": 988603, "throughput": 441445.68650183093, "ratio": 1.0, "url": "http://server/chunk-stream4-00005.m4s"}, {"index": 5, "start": 3.638853073120117, "end": 4.9425129890441895, "quality": 4, "bitrate": 988603, "throughput": 568914.3154522023, "ratio": 1.0, "url": "http://server/chunk-stream4-00006.m4s"}, {"index": 6, "start": 4.9426960945129395, "end": 6.224676132202148, "quality": 4, "bitrate": 988603, "throughput": 635408.3922222181, "ratio": 1.0, "url": "http://server/chunk-stream4-00007.m4s"}, {"index": 7, "start": 6.224961996078491, "end": 7.631306171417236, "quality": 4, "bitrate": 988603, "throughput": 668065.4061114178, "ratio": 1.0, "url": "http://server/chunk-stream4-00008.m4s"}, {"index": 8, "start": 7.631549119949341, "end": 8.692366123199463, "quality": 5, "bitrate": 641379, "throughput": 687130.8398593857, "ratio": 1.0, "url": "http://server/chunk-stream5-00009.m4s"}, {"index": 9, "start": 8.692569971084595, "end": 9.842468023300171, "quality": 5, "bitrate": 641379, "throughput": 687266.6523489146, "ratio": 1.0, "url": "http://server/chunk-stream5-00010.m4s"}, {"index": 10, "start": 9.842694997787476, "end": 10.995751142501831, "quality": 5, "bitrate": 641379, "throughput": 690443.1820943969, "ratio": 1.0, "url": "http://server/chunk-stream5-00011.m4s"}, {"index": 11, "start": 10.995949983596802, "end": 12.422662019729614, "quality": 5, "bitrate": 641379, "throughput": 691991.9083149575, "ratio": 1.0, "url": "http://server/chunk-stream5-00012.m4s"}, {"index": 12, "start": 12.422888994216919, "end": 13.987178087234497, "quality": 5, "bitrate": 641379, "throughput": 699589.6770767253, "ratio": 1.0, "url": "http://server/chunk-stream5-00013.m4s"}, {"index": 13, "start": 13.98733901977539, "end": 15.007474184036255, "quality": 6, "bitrate": 391570, "throughput": 705902.1768968635, "ratio": 1.0, "url": "http://server/chunk-stream6-00014.m4s"}, {"index": 14, "start": 15.00766396522522, "end": 16.642642974853516, "quality": 5, "bitrate": 641379, "throughput": 695092.813920972, "ratio": 1.0, "url": "http://server/chunk-stream5-00015.m4s"}, {"index": 15, "start": 16.642802953720093, "end": 18.961945056915283, "quality": 4, "bitrate": 988603, "throughput": 704973.6446949227, "ratio": 1.0, "url": "http://server/chunk-stream4-00016.m4s"}, {"index": 16, "start": 18.962208032608032, "end": 19.694281101226807, "quality": 5, "bitrate": 641379, "throughput": 717212.8472393698, "ratio": 1.0, "url": "http://server/chunk-stream5-00017.m4s"}, {"index": 17, "start": 19.694486141204834, "end": 20.517160177230835, "quality": 5, "bitrate": 641379, "throughput": 684588.6989034865, "ratio": 1.0, "url": "http://server/chunk-stream5-00018.m4s"}, {"index": 18, "start": 20.51742696762085, "end": 21.146662950515747, "quality": 5, "bitrate": 641379, "throughput": 674589.2117810098, "ratio": 1.0, "url": "http://server/chunk-stream5-00019.m4s"}, {"index": 19, "start": 21.146857023239136, "end": 21.96517300605774, "quality": 4, "bitrate": 988603, "throughput": 654158.1629928278, "ratio": 1.0, "url": "http://server/chunk-stream4-00020.m4s"}, {"index": 20, "start": 21.96539616584778, "end": 23.291013956069946, "quality": 4, "bitrate": 988603, "throughput": 659270.8282985536, "ratio": 1.0, "url": "http://server/chunk-stream4-00021.m4s"}, {"index": 21, "start": 23.291237115859985, "end": 23.827991008758545, "quality": 4, "bitrate": 988603, "throughput": 681065.410769741, "ratio": 1.0, "url": "http://server/chunk-stream4-00022.m4s"}, {"index": 22, "start": 23.82816505432129, "end": 24.3461651802063, "quality": 4, "bitrate": 988603, "throughput": 646283.6588772935, "ratio": 1.0, "url": "http://server/chunk-stream4-00023.m4s"}, {"index": 23, "start": 24.34636616706848, "end": 26.35985803604126, "quality": 4, "bitrate": 988603, "throughput": 625722.6334060547, "ratio": 1.0, "url": "http://server/chunk-stream4-00024.m4s"}], "num_stall": 1, "dur_stall": 3.0794968605041504, "avg_bitrate": 769297.2083333334, "num_quality_switches": 8}