{"segments": [{"index": 0, "start": 0.25836706161499023, "end": 0.743596076965332, "quality": 6, "bitrate": 391570, "throughput": 0, "ratio": 1.0, "url": "http://server/chunk-stream6-00001.m4s"}, {"index": 1, "start": 0.7438099384307861, "end": 0.9990761280059814, "quality": 6, "bitrate": 391570, "throughput": 484113.4447623951, "ratio": 1.0, "url": "http://server/chunk-stream6-00002.m4s"}, {"index": 2, "start": 0.9993150234222412, "end": 1.4652581214904785, "quality": 5, "bitrate": 641379, "throughput": 462613.2590047418, "ratio": 1.0, "url": "http://server/chunk-stream5-00003.m4s"}, {"index": 3, "start": 1.4657220840454102, "end": 2.343533992767334, "quality": 4, "bitrate": 988603, "throughput": 394534.29440114676, "ratio": 1.0, "url": "http://server/chunk-stream4-00004.m4s"}, {"index": 4, "start": 2.3437349796295166, "end": 3.5401899814605713, "quality": 4, "bitrate": 988603, "throughput": 441428.1113013999, "ratio": 1.0, "url": "http://server/chunk-stream4-00005.m4s"}, {"index": 5, "start": 3.540424108505249, "end": 4.843687057495117, "quality": 4, "bitrate": 988603, "throughput": 568904.2785550775, "ratio": 1.0, "url": "http://server/chunk-stream4-00006.m4s"}, {"index": 6, "start": 4.843920946121216, "end": 6.125880002975464, "quality": 4, "bitrate": 988603, "throughput": 635501.7597443246, "ratio": 1.0, "url": "http://server/chunk-stream4-00007.m4s"}, {"index": 7, "start": 6.126127004623413, "end": 7.532104015350342, "quality": 4, "bitrate": 988603, "throughput": 668095.4687311258, "ratio": 1.0, "url": "http://server/chunk-stream4-00008.m4s"}, {"index": 8, "start": 7.532315969467163, "end": 8.593116998672485, "quality": 5, "bitrate": 641379, "throughput": 687216.6646418911, "ratio": 1.0, "url": "http://server/chunk-stream5-00009.m4s"}, {"index": 9, "start": 8.59333610534668, "end": 9.743514060974121, "quality": 5, "bitrate": 641379, "throughput": 687322.4679984632, "ratio": 1.0, "url": "http://server/chunk-stream5-00010.m4s"}, {"index": 10, "start": 9.743705987930298, "end": 10.896913051605225, "quality": 5, "bitrate": 641379, "throughput": 690378.837210848, "ratio": 1.0, "url": "http://server/chunk-stream5-00011.m4s"}, {"index": 11, "start": 10.897081136703491, "end": 12.32384705543518, "quality": 5, "bitrate": 641379, "throughput": 691919.6524809992, "ratio": 1.0, "url": "http://server/chunk-stream5-00012.m4s"}, {"index": 12, "start": 12.324121952056885, "end": 13.88895297050476, "quality": 5, "bitrate": 641379, "throughput": 699548.4069180035, "ratio": 1.0, "url": "http://server/chunk-stream5-00013.m4s"}, {"index": 13, "start": 13.889188051223755, "end": 14.909570932388306, "quality": 6, "bitrate": 391570, "throughput": 705779.7254092221, "ratio": 1.0, "url": "http://server/chunk-stream6-00014.m4s"}, {"index": 14, "start": 14.90985894203186, "end": 16.545357942581177, "quality": 5, "bitrate": 641379, "throughput": 694943.8735941069, "ratio": 1.0, "url": "http://server/chunk-stream5-00015.m4s"}, {"index": 15, "start": 16.54558491706848, "end": 18.865165948867798, "quality": 4, "bitrate": 988603, "throughput": 704803.4332872859, "ratio": 1.0, "url": "http://server/chunk-stream4-00016.m4s"}, {"index": 16, "start": 18.86542010307312, "end": 19.59740710258484, "quality": 5, "bitrate": 641379, "throughput": 717095.077996707, "ratio": 1.0, "url": "http://server/chunk-stream5-00017.m4s"}, {"index": 17, "start": 19.597630977630615, "end": 20.41971707344055, "quality": 5, "bitrate": 641379, "throughput": 684585.471476482, "ratio": 1.0, "url": "http://server/chunk-stream5-00018.m4s"}, {"index": 18, "start": 20.419913053512573, "end": 21.04900813102722, "quality": 5, "bitrate": 641379, "throughput": 674794.3600006369, "ratio": 1.0, "url": "http://server/chunk-stream5-00019.m4s"}, {"index": 19, "start": 21.049216985702515, "end": 21.867203950881958, "quality": 4, "bitrate": 988603, "throughput": 654362.9750647795, "ratio": 1.0, "url": "http://server/chunk-stream4-00020.m4s"}, {"index": 20, "start": 21.86734390258789, "end": 23.192322969436646, "quality": 4, "bitrate": 988603, "throughput": 659488.3794252744, "ratio": 1.0, "url": "http://server/chunk-stream4-00021.m4s"}, {"index": 21, "start": 23.19248104095459, "end": 23.7290780544281, "quality": 4, "bitrate": 988603, "throughput": 681294.613238119, "ratio": 1.0, "url": "http://server/chunk-stream4-00022.m4s"}, {"index": 22, "start": 23.729350090026855, "end": 24.24775195121765, "quality": 4, "bitrate": 988603, "throughput": 646491.0812165884, "ratio": 1.0, "url": "http://server/chunk-stream4-00023.m4s"}, {"index": 23, "start": 24.247896909713745, "end": 26.261120080947876, "quality": 4, "bitrate": 988603, "throughput": 625552.5317927562, "ratio": 1.0, "url": "http://server/chunk-stream4-00024.m4s"}], "num_stall": 1, "dur_stall": 3.087151050567627, "avg_bitrate": 769297.2083333334, "num_quality_switches": 8}