{"segments": [{"index": 0, "start": 0.2607409954071045, "end": 0.7469031810760498, "quality": 6, "bitrate": 391570, "throughput": 0, "ratio": 1.0, "url": "http://server/chunk-stream6-00001.m4s"}, {"index": 1, "start": 0.7470781803131104, "end": 1.0025091171264648, "quality": 6, "bitrate": 391570, "throughput": 483952.1008526152, "ratio": 1.0, "url": "http://server/chunk-stream6-00002.m4s"}, {"index": 2, "start": 1.0027930736541748, "end": 1.468353033065796, "quality": 5, "bitrate": 641379, "throughput": 462385.2264707873, "ratio": 1.0, "url": "http://server/chunk-stream5-00003.m4s"}, {"index": 3, "start": 1.4687080383300781, "end": 2.3460090160369873, "quality": 4, "bitrate": 988603, "throughput": 394567.3401192119, "ratio": 1.0, "url": "http://server/chunk-stream4-00004.m4s"}, {"index": 4, "start": 2.3462421894073486, "end": 3.5430400371551514, "quality": 4, "bitrate": 988603, "throughput": 441402.4957656303, "ratio": 1.0, "url": "http://server/chunk-stream4-00005.m4s"}, {"index": 5, "start": 3.5432891845703125, "end": 4.846729040145874, "quality": 4, "bitrate": 988603, "throughput": 568804.5278682755, "ratio": 1.0, "url": "http://server/chunk-stream4-00006.m4s"}, {"index": 6, "start": 4.846911191940308, "end": 6.128445148468018, "quality": 4, "bitrate": 988603, "throughput": 635398.2533552656, "ratio": 1.0, "url": "http://server/chunk-stream4-00007.m4s"}, {"index": 7, "start": 6.1286301612854, "end": 7.534563064575195, "quality": 4, "bitrate": 988603, "throughput": 668140.270542004, "ratio": 1.0, "url": "http://server/chunk-stream4-00008.m4s"}, {"index": 8, "start": 7.534830093383789, "end": 8.595355987548828, "quality": 5, "bitrate": 641379, "throughput": 687263.4485505504, "ratio": 1.0, "url": "http://server/chunk-stream5-00009.m4s"}, {"index": 9, "start": 8.595523118972778, "end": 9.745766162872314, "quality": 5, "bitrate": 641379, "throughput": 687424.3820943781, "ratio": 1.0, "url": "http://server/chunk-stream5-00010.m4s"}, {"index": 10, "start": 9.746007204055786, "end": 10.899596214294434, "quality": 5, "bitrate": 641379, "throughput": 690415.0585058483, "ratio": 1.0, "url": "http://server/chunk-stream5-00011.m4s"}, {"index": 11, "start": 10.899936199188232, "end": 12.32688021659851, "quality": 5, "bitrate": 641379, "throughput": 691826.2381014848, "ratio": 1.0, "url": "http://server/chunk-stream5-00012.m4s"}, {"index": 12, "start": 12.327136993408203, "end": 13.892174005508423, "quality": 5, "bitrate": 641379, "throughput": 699462.6353967118, "ratio": 1.0, "url": "http://server/chunk-stream5-00013.m4s"}, {"index": 13, "start": 13.892433166503906, "end": 14.914031028747559, "quality": 6, "bitrate": 391570, "throughput": 705716.6027062768, "ratio": 1.0, "url": "http://server/chunk-stream6-00014.m4s"}, {"index": 14, "start": 14.914262056350708, "end": 16.54985499382019, "quality": 5, "bitrate": 641379, "throughput": 694563.8177923741, "ratio": 1.0, "url": "http://server/chunk-stream5-00015.m4s"}, {"index": 15, "start": 16.550082206726074, "end": 18.86908221244812, "quality": 4, "bitrate": 988603, "throughput": 704600.9528927326, "ratio": 1.0, "url": "http://server/chunk-stream4-00016.m4s"}, {"index": 16, "start": 18.869312047958374, "end": 19.60135316848755, "quality": 5, "bitrate": 641379, "throughput": 717029.1266757752, "ratio": 1.0, "url": "http://server/chunk-stream5-00017.m4s"}, {"index": 17, "start": 19.601550102233887, "end": 20.424144983291626, "quality": 5, "bitrate": 641379, "throughput": 684524.4524114721, "ratio": 1.0, "url": "http://server/chunk-stream5-00018.m4s"}, {"index": 18, "start": 20.424365043640137, "end": 21.053766012191772, "quality": 5, "bitrate": 641379, "throughput": 674571.7317307653, "ratio": 1.0, "url": "http://server/chunk-stream5-00019.m4s"}, {"index": 19, "start": 21.054046154022217, "end": 21.87277102470398, "quality": 4, "bitrate": 988603, "throughput": 654141.136293744, "ratio": 1.0, "url": "http://server/chunk-stream4-00020.m4s"}, {"index": 20, "start": 21.872965097427368, "end": 23.198345184326172, "quality": 4, "bitrate": 988603, "throughput": 659103.1414303376, "ratio": 1.0, "url": "http://server/chunk-stream4-00021.m4s"}, {"index": 21, "start": 23.198545217514038, "end": 23.735422134399414, "quality": 4, "bitrate": 988603, "throughput": 681006.6073119008, "ratio": 1.0, "url": "http://server/chunk-stream4-00022.m4s"}, {"index": 22, "start": 23.73562002182007, "end": 24.254003047943115, "quality": 4, "bitrate": 988603, "throughput": 646228.3099354333, "ratio": 1.0, "url": "http://server/chunk-stream4-00023.m4s"}, {"index": 23, "start": 24.25420618057251, "end": 26.268371105194092, "quality": 4, "bitrate": 988603, "throughput": 625465.9356702298, "ratio": 1.0, "url": "http://server/chunk-stream4-00024.m4s"}], "num_stall": 1, "dur_stall": 3.0372369289398193, "avg_bitrate": 769297.2083333334, "num_quality_switches": 8}