{"segments": [{"index": 0, "start": 0.5564110279083252, "end": 1.8002550601959229, "quality": 4, "bitrate": 988603, "throughput": 0, "ratio": 1.0, "url": "http://server/chunk-stream4-00001.m4s"}, {"index": 1, "start": 1.8004469871520996, "end": 2.4711599349975586, "quality": 6, "bitrate": 391570, "throughput": 423382.10576723976, "ratio": 1.0, "url": "http://server/chunk-stream6-00002.m4s"}, {"index": 2, "start": 2.4713220596313477, "end": 2.885343074798584, "quality": 6, "bitrate": 391570, "throughput": 251467.34586116884, "ratio": 1.0, "url": "http://server/chunk-stream6-00003.m4s"}, {"index": 3, "start": 2.885504961013794, "end": 3.3590359687805176, "quality": 6, "bitrate": 391570, "throughput": 270390.25772193074, "ratio": 1.0, "url": "http://server/chunk-stream6-00004.m4s"}, {"index": 4, "start": 3.3592071533203125, "end": 3.9624569416046143, "quality": 6, "bitrate": 391570, "throughput": 309585.5208580842, "ratio": 1.0, "url": "http://server/chunk-stream6-00005.m4s"}, {"index": 5, "start": 3.9626400470733643, "end": 4.561669111251831, "quality": 6, "bitrate": 391570, "throughput": 374128.43948368786, "ratio": 1.0, "url": "http://server/chunk-stream6-00006.m4s"}, {"index": 6, "start": 4.561851978302002, "end": 5.2364771366119385, "quality": 6, "bitrate": 391570, "throughput": 405232.0800247579, "ratio": 1.0, "url": "http://server/chunk-stream6-00007.m4s"}, {"index": 7, "start": 5.236647129058838, "end": 5.954000949859619, "quality": 6, "bitrate": 391570, "throughput": 439174.49794381816, "ratio": 1.0, "url": "http://server/chunk-stream6-00008.m4s"}, {"index": 8, "start": 5.954169034957886, "end": 6.745718002319336, "quality": 6, "bitrate": 391570, "throughput": 464720.31112738175, "ratio": 1.0, "url": "http://server/chunk-stream6-00009.m4s"}, {"index": 9, "start": 6.745950937271118, "end": 7.606698036193848, "quality": 6, "bitrate": 391570, "throughput": 490367.1117383174, "ratio": 1.0, "url": "http://server/chunk-stream6-00010.m4s"}, {"index": 10, "start": 7.606913089752197, "end": 8.454324007034302, "quality": 6, "bitrate": 391570, "throughput": 513114.5290166218, "ratio": 1.0, "url": "http://server/chunk-stream6-00011.m4s"}, {"index": 11, "start": 8.454519033432007, "end": 9.458776950836182, "quality": 6, "bitrate": 391570, "throughput": 522682.3147805962, "ratio": 1.0, "url": "http://server/chunk-stream6-00012.m4s"}, {"index": 12, "start": 9.458977937698364, "end": 10.580645084381104, "quality": 6, "bitrate": 391570, "throughput": 545654.4276684176, "ratio": 1.0, "url": "http://server/chunk-stream6-00013.m4s"}, {"index": 13, "start": 10.581198930740356, "end": 11.751703023910522, "quality": 6, "bitrate": 391570, "throughput": 567264.9033351257, "ratio": 1.0, "url": "http://server/chunk-stream6-00014.m4s"}, {"index": 14, "start": 11.751903057098389, "end": 12.930470943450928, "quality": 6, "bitrate": 391570, "throughput": 581837.4334388175, "ratio": 1.0, "url": "http://server/chunk-stream6-00015.m4s"}, {"index": 15, "start": 12.930631160736084, "end": 14.085935115814209, "quality": 6, "bitrate": 391570, "throughput": 589887.1767244273, "ratio": 1.0, "url": "http://server/chunk-stream6-00016.m4s"}, {"index": 16, "start": 14.086163997650146, "end": 14.762685060501099, "quality": 6, "bitrate": 391570, "throughput": 592087.443685479, "ratio": 1.0, "url": "http://server/chunk-stream6-00017.m4s"}, {"index": 17, "start": 14.762880086898804, "end": 15.476983070373535, "quality": 6, "bitrate": 391570, "throughput": 532747.9634873294, "ratio": 1.0, "url": "http://server/chunk-stream6-00018.m4s"}, {"index": 18, "start": 15.477165937423706, "end": 16.091735124588013, "quality": 6, "bitrate": 391570, "throughput": 510873.2312742857, "ratio": 1.0, "url": "http://server/chunk-stream6-00019.m4s"}, {"index": 19, "start": 16.091962099075317, "end": 16.704496145248413, "quality": 6, "bitrate": 391570, "throughput": 477264.98789437895, "ratio": 1.0, "url": "http://server/chunk-stream6-00020.m4s"}, {"index": 20, "start": 16.704587936401367, "end": 17.677659034729004, "quality": 6, "bitrate": 391570, "throughput": 460336.35091330204, "ratio": 1.0, "url": "http://server/chunk-stream6-00021.m4s"}, {"index": 21, "start": 17.677834033966064, "end": 18.16535711288452, "quality": 6, "bitrate": 391570, "throughput": 511573.021831826, "ratio": 1.0, "url": "http://server/chunk-stream6-00022.m4s"}, {"index": 22, "start": 18.165539026260376, "end": 18.64107394218445, "quality": 6, "bitrate": 391570, "throughput": 435896.22313955403, "ratio": 1.0, "url": "http://server/chunk-stream6-00023.m4s"}, {"index": 23, "start": 18.641293048858643, "end": 19.752608060836792, "quality": 6, "bitrate": 391570, "throughput": 393043.2664628165, "ratio": 1.0, "url": "http://server/chunk-stream6-00024.m4s"}], "num_stall": 0, "dur_stall": 0, "avg_bitrate": 416446.375, "num_quality_switches": 1}