{"segments": [{"index": 0, "start": 0.5560500621795654, "end": 1.799983024597168, "quality": 4, "bitrate": 988603, "throughput": 0, "ratio": 1.0, "url": "http://server/chunk-stream4-00001.m4s"}, {"index": 1, "start": 1.8002078533172607, "end": 2.4722349643707275, "quality": 6, "bitrate": 391570, "throughput": 423385.80140996503, "ratio": 1.0, "url": "http://server/chunk-stream6-00002.m4s"}, {"index": 2, "start": 2.4724349975585938, "end": 2.886767864227295, "quality": 6, "bitrate": 391570, "throughput": 251240.91339916672, "ratio": 1.0, "url": "http://server/chunk-stream6-00003.m4s"}, {"index": 3, "start": 2.8869690895080566, "end": 3.36090087890625, "quality": 6, "bitrate": 391570, "throughput": 270189.67701420997, "ratio": 1.0, "url": "http://server/chunk-stream6-00004.m4s"}, {"index": 4, "start": 3.3610799312591553, "end": 3.9645369052886963, "quality": 6, "bitrate": 391570, "throughput": 309337.51849792514, "ratio": 1.0, "url": "http://server/chunk-stream6-00005.m4s"}, {"index": 5, "start": 3.964871883392334, "end": 4.563981056213379, "quality": 6, "bitrate": 391570, "throughput": 373929.4515392036, "ratio": 1.0, "url": "http://server/chunk-stream6-00006.m4s"}, {"index": 6, "start": 4.564154863357544, "end": 5.238866090774536, "quality": 6, "bitrate": 391570, "throughput": 405102.18842421484, "ratio": 1.0, "url": "http://server/chunk-stream6-00007.m4s"}, {"index": 7, "start": 5.239058017730713, "end": 5.956634998321533, "quality": 6, "bitrate": 391570, "throughput": 439078.027316193, "ratio": 1.0, "url": "http://server/chunk-stream6-00008.m4s"}, {"index": 8, "start": 5.9568140506744385, "end": 6.748660087585449, "quality": 6, "bitrate": 391570, "throughput": 464609.74742727843, "ratio": 1.0, "url": "http://server/chunk-stream6-00009.m4s"}, {"index": 9, "start": 6.748821020126343, "end": 7.609271049499512, "quality": 6, "bitrate": 391570, "throughput": 490197.91212191514, "ratio": 1.0, "url": "http://server/chunk-stream6-00010.m4s"}, {"index": 10, "start": 7.609435081481934, "end": 8.456377029418945, "quality": 6, "bitrate": 391570, "throughput": 513107.60706358403, "ratio": 1.0, "url": "http://server/chunk-stream6-00011.m4s"}, {"index": 11, "start": 8.456605911254883, "end": 9.461308002471924, "quality": 6, "bitrate": 391570, "throughput": 522808.8753610578, "ratio": 1.0, "url": "http://server/chunk-stream6-00012.m4s"}, {"index": 12, "start": 9.461504936218262, "end": 10.582799911499023, "quality": 6, "bitrate": 391570, "throughput": 545604.6650383436, "ratio": 1.0, "url": "http://server/chunk-stream6-00013.m4s"}, {"index": 13, "start": 10.582983016967773, "end": 11.7532479763031, "quality": 6, "bitrate": 391570, "throughput": 567333.5787920218, "ratio": 1.0, "url": "http://server/chunk-stream6-00014.m4s"}, {"index": 14, "start": 11.75344204902649, "end": 12.932115077972412, "quality": 6, "bitrate": 391570, "throughput": 581919.0473800693, "ratio": 1.0, "url": "http://server/chunk-stream6-00015.m4s"}, {"index": 15, "start": 12.93234896659851, "end": 14.087389945983887, "quality": 6, "bitrate": 391570, "throughput": 589894.3501092795, "ratio": 1.0, "url": "http://server/chunk-stream6-00016.m4s"}, {"index": 16, "start": 14.087544918060303, "end": 14.763676881790161, "quality": 6, "bitrate": 391570, "throughput": 592141.7675467816, "ratio": 1.0, "url": "http://server/chunk-stream6-00017.m4s"}, {"index": 17, "start": 14.763859033584595, "end": 15.478123903274536, "quality": 6, "bitrate": 391570, "throughput": 532900.3571436529, "ratio": 1.0, "url": "http://server/chunk-stream6-00018.m4s"}, {"index": 18, "start": 15.478282928466797, "end": 16.092325925827026, "quality": 6, "bitrate": 391570, "throughput": 510897.42642167315, "ratio": 1.0, "url": "http://server/chunk-stream6-00019.m4s"}, {"index": 19, "start": 16.09255290031433, "end": 16.70561194419861, "quality": 6, "bitrate": 391570, "throughput": 477475.511617122, "ratio": 1.0, "url": "http://server/chunk-stream6-00020.m4s"}, {"index": 20, "start": 16.70581603050232, "end": 17.67935299873352, "quality": 6, "bitrate": 391570, "throughput": 460271.71141197305, "ratio": 1.0, "url": "http://server/chunk-stream6-00021.m4s"}, {"index": 21, "start": 17.67952609062195, "end": 18.16717505455017, "quality": 6, "bitrate": 391570, "throughput": 511411.1138161976, "ratio": 1.0, "url": "http://server/chunk-stream6-00022.m4s"}, {"index": 22, "start": 18.167346954345703, "end": 18.642657995224, "quality": 6, "bitrate": 391570, "throughput": 435759.24432477064, "ratio": 1.0, "url": "http://server/chunk-stream6-00023.m4s"}, {"index": 23, "start": 18.642859935760498, "end": 19.754472970962524, "quality": 6, "bitrate": 391570, "throughput": 393058.60235884995, "ratio": 1.0, "url": "http://server/chunk-stream6-00024.m4s"}], "num_stall": 0, "dur_stall": 0, "avg_bitrate": 416446.375, "num_quality_switches": 1}