{"segments": [{"index": 0, "start": 0.5569767951965332, "end": 1.8004229068756104, "quality": 4, "bitrate": 988603, "throughput": 0, "ratio": 1.0, "url": "http://server/chunk-stream4-00001.m4s"}, {"index": 1, "start": 1.8005809783935547, "end": 2.4719398021698, "quality": 6, "bitrate": 391570, "throughput": 423431.4936222291, "ratio": 1.0, "url": "http://server/chunk-stream6-00002.m4s"}, {"index": 2, "start": 2.4721899032592773, "end": 2.886331796646118, "quality": 6, "bitrate": 391570, "throughput": 251442.2617876518, "ratio": 1.0, "url": "http://server/chunk-stream6-00003.m4s"}, {"index": 3, "start": 2.886509895324707, "end": 3.3601088523864746, "quality": 6, "bitrate": 391570, "throughput": 270342.47402890126, "ratio": 1.0, "url": "http://server/chunk-stream6-00004.m4s"}, {"index": 4, "start": 3.3602638244628906, "end": 3.963791847229004, "quality": 6, "bitrate": 391570, "throughput": 309536.2465159852, "ratio": 1.0, "url": "http://server/chunk-stream6-00005.m4s"}, {"index": 5, "start": 3.9639480113983154, "end": 4.5631818771362305, "quality": 6, "bitrate": 391570, "throughput": 373997.3623852574, "ratio": 1.0, "url": "http://server/chunk-stream6-00006.m4s"}, {"index": 6, "start": 4.563334941864014, "end": 5.23814582824707, "quality": 6, "bitrate": 391570, "throughput": 405095.8583332888, "ratio": 1.0, "url": "http://server/chunk-stream6-00007.m4s"}, {"index": 7, "start": 5.238289833068848, "end": 5.956105947494507, "quality": 6, "bitrate": 391570, "throughput": 439029.0533641203, "ratio": 1.0, "url": "http://server/chunk-stream6-00008.m4s"}, {"index": 8, "start": 5.956293821334839, "end": 6.747905015945435, "quality": 6, "bitrate": 391570, "throughput": 464500.17026330566, "ratio": 1.0, "url": "http://server/chunk-stream6-00009.m4s"}, {"index": 9, "start": 6.748093843460083, "end": 7.608634948730469, "quality": 6, "bitrate": 391570, "throughput": 490216.15609890106, "ratio": 1.0, "url": "http://server/chunk-stream6-00010.m4s"}, {"index": 10, "start": 7.608802795410156, "end": 8.455736875534058, "quality": 6, "bitrate": 391570, "throughput": 513087.464611278, "ratio": 1.0, "url": "http://server/chunk-stream6-00011.m4s"}, {"index": 11, "start": 8.455938816070557, "end": 9.460105895996094, "quality": 6, "bitrate": 391570, "throughput": 522792.7311370324, "ratio": 1.0, "url": "http://server/chunk-stream6-00012.m4s"}, {"index": 12, "start": 9.460270881652832, "end": 10.581792831420898, "quality": 6, "bitrate": 391570, "throughput": 545735.428975472, "ratio": 1.0, "url": "http://server/chunk-stream6-00013.m4s"}, {"index": 13, "start": 10.581987857818604, "end": 11.752296924591064, "quality": 6, "bitrate": 391570, "throughput": 567366.7038873254, "ratio": 1.0, "url": "http://server/chunk-stream6-00014.m4s"}, {"index": 14, "start": 11.75248098373413, "end": 12.931026935577393, "quality": 6, "bitrate": 391570, "throughput": 581929.5932276722, "ratio": 1.0, "url": "http://server/chunk-stream6-00015.m4s"}, {"index": 15, "start": 12.931197881698608, "end": 14.086285829544067, "quality": 6, "bitrate": 391570, "throughput": 589917.4672485471, "ratio": 1.0, "url": "http://server/chunk-stream6-00016.m4s"}, {"index": 16, "start": 14.086469888687134, "end": 14.76278281211853, "quality": 6, "bitrate": 391570, "throughput": 592139.2750327892, "ratio": 1.0, "url": "http://server/chunk-stream6-00017.m4s"}, {"index": 17, "start": 14.762982845306396, "end": 15.477365970611572, "quality": 6, "bitrate": 391570, "throughput": 532857.0182475653, "ratio": 1.0, "url": "http://server/chunk-stream6-00018.m4s"}, {"index": 18, "start": 15.477581024169922, "end": 16.091655015945435, "quality": 6, "bitrate": 391570, "throughput": 510834.1389167174, "ratio": 1.0, "url": "http://server/chunk-stream6-00019.m4s"}, {"index": 19, "start": 16.09183382987976, "end": 16.704521894454956, "quality": 6, "bitrate": 391570, "throughput": 477429.98458764184, "ratio": 1.0, "url": "http://server/chunk-stream6-00020.m4s"}, {"index": 20, "start": 16.704694986343384, "end": 17.678305864334106, "quality": 6, "bitrate": 391570, "throughput": 460386.66012135724, "ratio": 1.0, "url": "http://server/chunk-stream6-00021.m4s"}, {"index": 21, "start": 17.67859697341919, "end": 18.16628384590149, "quality": 6, "bitrate": 391570, "throughput": 511451.64023846923, "ratio": 1.0, "url": "http://server/chunk-stream6-00022.m4s"}, {"index": 22, "start": 18.166486978530884, "end": 18.641958951950073, "quality": 6, "bitrate": 391570, "throughput": 435769.46903694543, "ratio": 1.0, "url": "http://server/chunk-stream6-00023.m4s"}, {"index": 23, "start": 18.642176866531372, "end": 19.753686904907227, "quality": 6, "bitrate": 391570, "throughput": 393001.4970642919, "ratio": 1.0, "url": "http://server/chunk-stream6-00024.m4s"}], "num_stall": 0, "dur_stall": 0, "avg_bitrate": 416446.375, "num_quality_switches": 1}