{"segments": [{"index": 0, "start": 1.271888017654419, "end": 1.5171840190887451, "quality": 5, "bitrate": 641379, "throughput": 0, "ratio": 1.0, "url": "http://server/chunk-stream5-00001.m4s"}, {"index": 1, "start": 1.5172629356384277, "end": 1.6871938705444336, "quality": 6, "bitrate": 391570, "throughput": 718545.9892893425, "ratio": 1.0, "url": "http://server/chunk-stream6-00002.m4s"}, {"index": 2, "start": 1.6872859001159668, "end": 1.8510489463806152, "quality": 6, "bitrate": 391570, "throughput": 654463.0492605346, "ratio": 1.0, "url": "http://server/chunk-stream6-00003.m4s"}, {"index": 3, "start": 1.8511269092559814, "end": 2.074603796005249, "quality": 6, "bitrate": 391570, "throughput": 693015.6618514366, "ratio": 1.0, "url": "http://server/chunk-stream6-00004.m4s"}, {"index": 4, "start": 2.07485294342041, "end": 2.428043842315674, "quality": 6, "bitrate": 391570, "throughput": 716214.7468609936, "ratio": 1.0, "url": "http://server/chunk-stream6-00005.m4s"}, {"index": 5, "start": 2.4281280040740967, "end": 2.7772200107574463, "quality": 6, "bitrate": 391570, "throughput": 732770.9894113055, "ratio": 1.0, "url": "http://server/chunk-stream6-00006.m4s"}, {"index": 6, "start": 2.7774159908294678, "end": 3.2021708488464355, "quality": 6, "bitrate": 391570, "throughput": 740818.527384114, "ratio": 1.0, "url": "http://server/chunk-stream6-00007.m4s"}, {"index": 7, "start": 3.202363967895508, "end": 3.669950008392334, "quality": 6, "bitrate": 391570, "throughput": 746160.248647433, "ratio": 1.0, "url": "http://server/chunk-stream6-00008.m4s"}, {"index": 8, "start": 3.6700727939605713, "end": 4.21133279800415, "quality": 6, "bitrate": 391570, "throughput": 749176.7082691349, "ratio": 1.0, "url": "http://server/chunk-stream6-00009.m4s"}, {"index": 9, "start": 4.211462020874023, "end": 4.8226118087768555, "quality": 6, "bitrate": 391570, "throughput": 751891.841706286, "ratio": 1.0, "url": "http://server/chunk-stream6-00010.m4s"}, {"index": 10, "start": 4.8228600025177, "end": 5.420926809310913, "quality": 6, "bitrate": 391570, "throughput": 753307.9954658311, "ratio": 1.0, "url": "http://server/chunk-stream6-00011.m4s"}, {"index": 11, "start": 5.421136856079102, "end": 6.175803899765015, "quality": 6, "bitrate": 391570, "throughput": 753775.875997087, "ratio": 1.0, "url": "http://server/chunk-stream6-00012.m4s"}, {"index": 12, "start": 6.176030874252319, "end": 7.047663927078247, "quality": 6, "bitrate": 391570, "throughput": 755292.995085513, "ratio": 1.0, "url": "http://server/chunk-stream6-00013.m4s"}, {"index": 13, "start": 7.04790186882019, "end": 7.968174934387207, "quality": 6, "bitrate": 391570, "throughput": 756567.890219681, "ratio": 1.0, "url": "http://server/chunk-stream6-00014.m4s"}, {"index": 14, "start": 7.9682629108428955, "end": 8.895936012268066, "quality": 6, "bitrate": 391570, "throughput": 757549.8312697756, "ratio": 1.0, "url": "http://server/chunk-stream6-00015.m4s"}, {"index": 15, "start": 8.896013975143433, "end": 9.800930976867676, "quality": 6, "bitrate": 391570, "throughput": 758536.409208403, "ratio": 1.0, "url": "http://server/chunk-stream6-00016.m4s"}, {"index": 16, "start": 9.801143884658813, "end": 10.228635787963867, "quality": 6, "bitrate": 391570, "throughput": 758582.5812232967, "ratio": 1.0, "url": "http://server/chunk-stream6-00017.m4s"}, {"index": 17, "start": 10.228827953338623, "end": 10.693657875061035, "quality": 6, "bitrate": 391570, "throughput": 753942.4852756993, "ratio": 1.0, "url": "http://server/chunk-stream6-00018.m4s"}, {"index": 18, "start": 10.693800926208496, "end": 11.057814836502075, "quality": 6, "bitrate": 391570, "throughput": 752625.0756880366, "ratio": 1.0, "url": "http://server/chunk-stream6-00019.m4s"}, {"index": 19, "start": 11.058015823364258, "end": 12.058172941207886, "quality": 6, "bitrate": 391570, "throughput": 750920.9314089408, "ratio": 1.0, "url": "http://server/chunk-stream6-00020.m4s"}, {"index": 20, "start": 12.058395862579346, "end": 12.782512903213501, "quality": 6, "bitrate": 391570, "throughput": 511244.30006457283, "ratio": 1.0, "url": "http://server/chunk-stream6-00021.m4s"}, {"index": 21, "start": 12.932317018508911, "end": 13.1700439453125, "quality": 6, "bitrate": 391570, "throughput": 633811.7638967605, "ratio": 1.0, "url": "http://server/chunk-stream6-00022.m4s"}, {"index": 22, "start": 13.923587799072266, "end": 16.178363800048828, "quality": 6, "bitrate": 391570, "throughput": 686493.0488718842, "ratio": 1.0, "url": "http://server/chunk-stream6-00023.m4s"}, {"index": 23, "start": 16.178435802459717, "end": 17.877975940704346, "quality": 6, "bitrate": 391570, "throughput": 380160.1553987502, "ratio": 1.0, "url": "http://server/chunk-stream6-00024.m4s"}], "num_stall": 0, "dur_stall": 0, "avg_bitrate": 401978.7083333333, "num_quality_switches": 1}