{"segments": [{"index": 0, "start": 3.0901989936828613, "end": 3.5445079803466797, "quality": 5, "bitrate": 641379, "throughput": 0, "ratio": 1.0, "url": "http://server/chunk-stream5-00001.m4s"}, {"index": 1, "start": 3.5446279048919678, "end": 3.7155489921569824, "quality": 6, "bitrate": 391570, "throughput": 627987.0318632383, "ratio": 1.0, "url": "http://server/chunk-stream6-00002.m4s"}, {"index": 2, "start": 3.7156360149383545, "end": 3.879194974899292, "quality": 6, "bitrate": 391570, "throughput": 627887.1659861007, "ratio": 1.0, "url": "http://server/chunk-stream6-00003.m4s"}, {"index": 3, "start": 3.879270076751709, "end": 4.102426052093506, "quality": 6, "bitrate": 391570, "throughput": 680197.2193861234, "ratio": 1.0, "url": "http://server/chunk-stream6-00004.m4s"}, {"index": 4, "start": 4.102504014968872, "end": 4.79175591468811, "quality": 6, "bitrate": 391570, "throughput": 710131.1217741875, "ratio": 1.0, "url": "http://server/chunk-stream6-00005.m4s"}, {"index": 5, "start": 4.791851997375488, "end": 5.140784025192261, "quality": 6, "bitrate": 391570, "throughput": 546991.441464869, "ratio": 1.0, "url": "http://server/chunk-stream6-00006.m4s"}, {"index": 6, "start": 5.14087986946106, "end": 5.613097906112671, "quality": 6, "bitrate": 391570, "throughput": 648033.4285720442, "ratio": 1.0, "url": "http://server/chunk-stream6-00007.m4s"}, {"index": 7, "start": 5.613178968429565, "end": 6.366163969039917, "quality": 6, "bitrate": 391570, "throughput": 661940.045719462, "ratio": 1.0, "url": "http://server/chunk-stream6-00008.m4s"}, {"index": 8, "start": 6.366246938705444, "end": 6.907422065734863, "quality": 6, "bitrate": 391570, "throughput": 564462.629447503, "ratio": 1.0, "url": "http://server/chunk-stream6-00009.m4s"}, {"index": 9, "start": 6.907629013061523, "end": 7.5176239013671875, "quality": 6, "bitrate": 391570, "throughput": 659560.7394630439, "ratio": 1.0, "url": "http://server/chunk-stream6-00010.m4s"}, {"index": 10, "start": 7.5176849365234375, "end": 8.397212028503418, "quality": 6, "bitrate": 391570, "throughput": 707789.3243726293, "ratio": 1.0, "url": "http://server/chunk-stream6-00011.m4s"}, {"index": 11, "start": 8.397300004959106, "end": 9.150935888290405, "quality": 6, "bitrate": 391570, "throughput": 610243.3179577097, "ratio": 1.0, "url": "http://server/chunk-stream6-00012.m4s"}, {"index": 12, "start": 9.151010990142822, "end": 10.021758079528809, "quality": 6, "bitrate": 391570, "throughput": 683950.0847711681, "ratio": 1.0, "url": "http://server/chunk-stream6-00013.m4s"}, {"index": 13, "start": 10.021826982498169, "end": 10.941792964935303, "quality": 6, "bitrate": 391570, "throughput": 721215.4179690237, "ratio": 1.0, "url": "http://server/chunk-stream6-00014.m4s"}, {"index": 14, "start": 10.941919088363647, "end": 11.869533061981201, "quality": 6, "bitrate": 391570, "throughput": 740016.2487465462, "ratio": 1.0, "url": "http://server/chunk-stream6-00015.m4s"}, {"index": 15, "start": 11.869606971740723, "end": 12.789856910705566, "quality": 6, "bitrate": 391570, "throughput": 749800.8574448285, "ratio": 1.0, "url": "http://server/chunk-stream6-00016.m4s"}, {"index": 16, "start": 12.789956092834473, "end": 13.216681003570557, "quality": 6, "bitrate": 391570, "throughput": 747900.6756592717, "ratio": 1.0, "url": "http://server/chunk-stream6-00017.m4s"}, {"index": 17, "start": 13.216829061508179, "end": 14.098296880722046, "quality": 6, "bitrate": 391570, "throughput": 749252.5764552781, "ratio": 1.0, "url": "http://server/chunk-stream6-00018.m4s"}, {"index": 18, "start": 14.098381042480469, "end": 14.794497013092041, "quality": 6, "bitrate": 391570, "throughput": 572675.0145082249, "ratio": 1.0, "url": "http://server/chunk-stream6-00019.m4s"}, {"index": 19, "start": 14.794561862945557, "end": 15.157289028167725, "quality": 6, "bitrate": 391570, "throughput": 482140.9614806996, "ratio": 1.0, "url": "http://server/chunk-stream6-00020.m4s"}, {"index": 20, "start": 15.15734601020813, "end": 16.424222946166992, "quality": 6, "bitrate": 391570, "throughput": 615464.4634014335, "ratio": 1.0, "url": "http://server/chunk-stream6-00021.m4s"}, {"index": 21, "start": 16.424468994140625, "end": 17.24660086631775, "quality": 6, "bitrate": 391570, "throughput": 523876.51135905704, "ratio": 1.0, "url": "http://server/chunk-stream6-00022.m4s"}, {"index": 22, "start": 17.246833086013794, "end": 17.472671031951904, "quality": 6, "bitrate": 391570, "throughput": 368728.6421975858, "ratio": 1.0, "url": "http://server/chunk-stream6-00023.m4s"}, {"index": 23, "start": 17.472867012023926, "end": 18.378671884536743, "quality": 6, "bitrate": 391570, "throughput": 553177.1266298725, "ratio": 1.0, "url": "http://server/chunk-stream6-00024.m4s"}], "num_stall": 0, "dur_stall": 0, "avg_bitrate": 401978.7083333333, "num_quality_switches": 1}