{"segments": [{"index": 0, "start": 0.056099891662597656, "end": 0.3041398525238037, "quality": 5, "bitrate": 641379, "throughput": 0, "ratio": 1.0, "url": "http://server/chunk-stream5-00001.m4s"}, {"index": 1, "start": 0.3042728900909424, "end": 0.4743328094482422, "quality": 6, "bitrate": 391570, "throughput": 708798.092027375, "ratio": 1.0, "url": "http://server/chunk-stream6-00002.m4s"}, {"index": 2, "start": 0.4744570255279541, "end": 0.6382808685302734, "quality": 6, "bitrate": 391570, "throughput": 650425.7540772322, "ratio": 1.0, "url": "http://server/chunk-stream6-00003.m4s"}, {"index": 3, "start": 0.6383528709411621, "end": 0.8612849712371826, "quality": 6, "bitrate": 391570, "throughput": 690849.4777026034, "ratio": 1.0, "url": "http://server/chunk-stream6-00004.m4s"}, {"index": 4, "start": 0.861379861831665, "end": 1.2138187885284424, "quality": 6, "bitrate": 391570, "throughput": 715838.4991902448, "ratio": 1.0, "url": "http://server/chunk-stream6-00005.m4s"}, {"index": 5, "start": 1.213899850845337, "end": 1.5632658004760742, "quality": 6, "bitrate": 391570, "throughput": 733314.5522132211, "ratio": 1.0, "url": "http://server/chunk-stream6-00006.m4s"}, {"index": 6, "start": 1.5634829998016357, "end": 1.988473892211914, "quality": 6, "bitrate": 391570, "throughput": 740817.2517544215, "ratio": 1.0, "url": "http://server/chunk-stream6-00007.m4s"}, {"index": 7, "start": 1.9886629581451416, "end": 2.4557738304138184, "quality": 6, "bitrate": 391570, "throughput": 745957.36604855, "ratio": 1.0, "url": "http://server/chunk-stream6-00008.m4s"}, {"index": 8, "start": 2.4558498859405518, "end": 4.419802904129028, "quality": 6, "bitrate": 391570, "throughput": 749410.5110139379, "ratio": 1.0, "url": "http://server/chunk-stream6-00009.m4s"}, {"index": 9, "start": 4.420089960098267, "end": 5.030556917190552, "quality": 6, "bitrate": 391570, "throughput": 478670.00995203527, "ratio": 1.0, "url": "http://server/chunk-stream6-00010.m4s"}, {"index": 10, "start": 5.030915975570679, "end": 5.6278510093688965, "quality": 6, "bitrate": 391570, "throughput": 617123.1665503152, "ratio": 1.0, "url": "http://server/chunk-stream6-00011.m4s"}, {"index": 11, "start": 5.627955913543701, "end": 6.382184982299805, "quality": 6, "bitrate": 391570, "throughput": 686322.911902024, "ratio": 1.0, "url": "http://server/chunk-stream6-00012.m4s"}, {"index": 12, "start": 6.382382869720459, "end": 7.253614902496338, "quality": 6, "bitrate": 391570, "throughput": 721843.822733229, "ratio": 1.0, "url": "http://server/chunk-stream6-00013.m4s"}, {"index": 13, "start": 7.253713846206665, "end": 9.148327827453613, "quality": 6, "bitrate": 391570, "throughput": 739980.5233411443, "ratio": 1.0, "url": "http://server/chunk-stream6-00014.m4s"}, {"index": 14, "start": 9.148387908935547, "end": 10.80450701713562, "quality": 6, "bitrate": 391570, "throughput": 554187.011952346, "ratio": 1.0, "url": "http://server/chunk-stream6-00015.m4s"}, {"index": 15, "start": 10.80474591255188, "end": 11.710310935974121, "quality": 6, "bitrate": 391570, "throughput": 489829.3956854942, "ratio": 1.0, "url": "http://server/chunk-stream6-00016.m4s"}, {"index": 16, "start": 11.710524797439575, "end": 12.13886284828186, "quality": 6, "bitrate": 391570, "throughput": 623983.7397233737, "ratio": 1.0, "url": "http://server/chunk-stream6-00017.m4s"}, {"index": 17, "start": 12.139142990112305, "end": 12.604046821594238, "quality": 6, "bitrate": 391570, "throughput": 685944.0771272308, "ratio": 1.0, "url": "http://server/chunk-stream6-00018.m4s"}, {"index": 18, "start": 12.604249000549316, "end": 12.968472003936768, "quality": 6, "bitrate": 391570, "throughput": 718590.2165333433, "ratio": 1.0, "url": "http://server/chunk-stream6-00019.m4s"}, {"index": 19, "start": 12.968681812286377, "end": 13.331575870513916, "quality": 6, "bitrate": 391570, "throughput": 733670.184271649, "ratio": 1.0, "url": "http://server/chunk-stream6-00020.m4s"}, {"index": 20, "start": 13.33178997039795, "end": 14.056051015853882, "quality": 6, "bitrate": 391570, "throughput": 741159.1852754992, "ratio": 1.0, "url": "http://server/chunk-stream6-00021.m4s"}, {"index": 21, "start": 14.056305885314941, "end": 14.293643951416016, "quality": 6, "bitrate": 391570, "throughput": 748731.2208022962, "ratio": 1.0, "url": "http://server/chunk-stream6-00022.m4s"}, {"index": 22, "start": 14.293790817260742, "end": 14.519577980041504, "quality": 6, "bitrate": 391570, "throughput": 744438.3605539451, "ratio": 1.0, "url": "http://server/chunk-stream6-00023.m4s"}, {"index": 23, "start": 14.519797801971436, "end": 15.38113784790039, "quality": 6, "bitrate": 391570, "throughput": 741148.1402012175, "ratio": 1.0, "url": "http://server/chunk-stream6-00024.m4s"}], "num_stall": 0, "dur_stall": 0, "avg_bitrate": 401978.7083333333, "num_quality_switches": 1}