{"segments": [{"index": 0, "start": 0.068572998046875, "end": 0.4180879592895508, "quality": 4, "bitrate": 988603, "throughput": 0, "ratio": 1.0, "url": "http://server/chunk-stream4-00001.m4s"}, {"index": 1, "start": 0.41831111907958984, "end": 1.175055980682373, "quality": 5, "bitrate": 641379, "throughput": 713649.9743050223, "ratio": 1.0, "url": "http://server/chunk-stream5-00002.m4s"}, {"index": 2, "start": 1.1752550601959229, "end": 1.5240349769592285, "quality": 6, "bitrate": 391570, "throughput": 413007.56317106646, "ratio": 1.0, "url": "http://server/chunk-stream6-00003.m4s"}, {"index": 3, "start": 1.5242459774017334, "end": 1.9015541076660156, "quality": 6, "bitrate": 391570, "throughput": 386731.8228858916, "ratio": 1.0, "url": "http://server/chunk-stream6-00004.m4s"}, {"index": 4, "start": 1.9017200469970703, "end": 2.255070924758911, "quality": 6, "bitrate": 391570, "throughput": 412241.5434818992, "ratio": 1.0, "url": "http://server/chunk-stream6-00005.m4s"}, {"index": 5, "start": 2.255275011062622, "end": 2.604609966278076, "quality": 6, "bitrate": 391570, "throughput": 580638.4431016152, "ratio": 1.0, "url": "http://server/chunk-stream6-00006.m4s"}, {"index": 6, "start": 2.60481595993042, "end": 3.3418691158294678, "quality": 5, "bitrate": 641379, "throughput": 664524.934590901, "ratio": 1.0, "url": "http://server/chunk-stream5-00007.m4s"}, {"index": 7, "start": 3.3420679569244385, "end": 4.161489963531494, "quality": 5, "bitrate": 641379, "throughput": 710644.7599740203, "ratio": 1.0, "url": "http://server/chunk-stream5-00008.m4s"}, {"index": 8, "start": 4.161658048629761, "end": 5.122303009033203, "quality": 5, "bitrate": 641379, "throughput": 734116.6017829787, "ratio": 1.0, "url": "http://server/chunk-stream5-00009.m4s"}, {"index": 9, "start": 5.122482061386108, "end": 6.189719915390015, "quality": 5, "bitrate": 641379, "throughput": 746664.3850163938, "ratio": 1.0, "url": "http://server/chunk-stream5-00010.m4s"}, {"index": 10, "start": 6.189929008483887, "end": 7.244615077972412, "quality": 5, "bitrate": 641379, "throughput": 747033.5936867523, "ratio": 1.0, "url": "http://server/chunk-stream5-00011.m4s"}, {"index": 11, "start": 7.244801998138428, "end": 8.705145120620728, "quality": 5, "bitrate": 641379, "throughput": 752692.2644632887, "ratio": 1.0, "url": "http://server/chunk-stream5-00012.m4s"}, {"index": 12, "start": 8.705342054367065, "end": 10.322001934051514, "quality": 5, "bitrate": 641379, "throughput": 721765.9619026111, "ratio": 1.0, "url": "http://server/chunk-stream5-00013.m4s"}, {"index": 13, "start": 10.32221508026123, "end": 13.365747928619385, "quality": 5, "bitrate": 641379, "throughput": 705446.5868112823, "ratio": 1.0, "url": "http://server/chunk-stream5-00014.m4s"}, {"index": 14, "start": 13.365904092788696, "end": 14.29429292678833, "quality": 6, "bitrate": 391570, "throughput": 542965.2446042104, "ratio": 1.0, "url": "http://server/chunk-stream6-00015.m4s"}, {"index": 15, "start": 14.29436206817627, "end": 15.847206115722656, "quality": 5, "bitrate": 641379, "throughput": 650941.3592282914, "ratio": 1.0, "url": "http://server/chunk-stream5-00016.m4s"}, {"index": 16, "start": 15.847424030303955, "end": 16.480345964431763, "quality": 5, "bitrate": 641379, "throughput": 683730.1328977074, "ratio": 1.0, "url": "http://server/chunk-stream5-00017.m4s"}, {"index": 17, "start": 16.480485916137695, "end": 17.20325994491577, "quality": 5, "bitrate": 641379, "throughput": 718891.5264254324, "ratio": 1.0, "url": "http://server/chunk-stream5-00018.m4s"}, {"index": 18, "start": 17.203349113464355, "end": 17.731592893600464, "quality": 5, "bitrate": 641379, "throughput": 737618.9672554984, "ratio": 1.0, "url": "http://server/chunk-stream5-00019.m4s"}, {"index": 19, "start": 17.731705904006958, "end": 18.47256112098694, "quality": 5, "bitrate": 641379, "throughput": 746212.8672281492, "ratio": 1.0, "url": "http://server/chunk-stream5-00020.m4s"}, {"index": 20, "start": 18.47267198562622, "end": 19.422534942626953, "quality": 5, "bitrate": 641379, "throughput": 658429.2505787325, "ratio": 1.0, "url": "http://server/chunk-stream5-00021.m4s"}, {"index": 21, "start": 19.422765016555786, "end": 19.75791907310486, "quality": 5, "bitrate": 641379, "throughput": 708339.876305186, "ratio": 1.0, "url": "http://server/chunk-stream5-00022.m4s"}, {"index": 22, "start": 19.758059978485107, "end": 20.073743104934692, "quality": 5, "bitrate": 641379, "throughput": 727923.6421894121, "ratio": 1.0, "url": "http://server/chunk-stream5-00023.m4s"}, {"index": 23, "start": 20.073872089385986, "end": 21.585469961166382, "quality": 5, "bitrate": 641379, "throughput": 737153.0890147521, "ratio": 1.0, "url": "http://server/chunk-stream5-00024.m4s"}], "num_stall": 0, "dur_stall": 0, "avg_bitrate": 603803.125, "num_quality_switches": 5}