{"segments": [{"index": 0, "start": 0.055349111557006836, "end": 0.40532493591308594, "quality": 4, "bitrate": 988603, "throughput": 0, "ratio": 1.0, "url": "http://server/chunk-stream4-00001.m4s"}, {"index": 1, "start": 0.4055209159851074, "end": 0.6838071346282959, "quality": 5, "bitrate": 641379, "throughput": 711097.2129102491, "ratio": 1.0, "url": "http://server/chunk-stream5-00002.m4s"}, {"index": 2, "start": 0.6840150356292725, "end": 0.9330940246582031, "quality": 5, "bitrate": 641379, "throughput": 653276.1914521412, "ratio": 1.0, "url": "http://server/chunk-stream5-00003.m4s"}, {"index": 3, "start": 0.9332740306854248, "end": 1.3347959518432617, "quality": 5, "bitrate": 641379, "throughput": 696033.3925168639, "ratio": 1.0, "url": "http://server/chunk-stream5-00004.m4s"}, {"index": 4, "start": 1.334986925125122, "end": 4.6132800579071045, "quality": 5, "bitrate": 641379, "throughput": 723097.8288633784, "ratio": 1.0, "url": "http://server/chunk-stream5-00005.m4s"}, {"index": 5, "start": 4.613490104675293, "end": 4.980968952178955, "quality": 6, "bitrate": 391570, "throughput": 428696.12386046216, "ratio": 1.0, "url": "http://server/chunk-stream6-00006.m4s"}, {"index": 6, "start": 4.9811530113220215, "end": 5.406306982040405, "quality": 6, "bitrate": 391570, "throughput": 582669.2348124918, "ratio": 1.0, "url": "http://server/chunk-stream6-00007.m4s"}, {"index": 7, "start": 5.406480073928833, "end": 6.548401117324829, "quality": 5, "bitrate": 641379, "throughput": 666713.7580605844, "ratio": 1.0, "url": "http://server/chunk-stream5-00008.m4s"}, {"index": 8, "start": 6.548609972000122, "end": 7.136425971984863, "quality": 6, "bitrate": 391570, "throughput": 605135.7380999398, "ratio": 1.0, "url": "http://server/chunk-stream6-00009.m4s"}, {"index": 9, "start": 7.13659405708313, "end": 8.189197063446045, "quality": 5, "bitrate": 641379, "throughput": 650013.6255940296, "ratio": 1.0, "url": "http://server/chunk-stream5-00010.m4s"}, {"index": 10, "start": 8.189388036727905, "end": 9.393083095550537, "quality": 5, "bitrate": 641379, "throughput": 703882.462395008, "ratio": 1.0, "url": "http://server/chunk-stream5-00011.m4s"}, {"index": 11, "start": 9.393286943435669, "end": 10.72328495979309, "quality": 5, "bitrate": 641379, "throughput": 684151.1205347638, "ratio": 1.0, "url": "http://server/chunk-stream5-00012.m4s"}, {"index": 12, "start": 10.723489999771118, "end": 12.231985092163086, "quality": 5, "bitrate": 641379, "throughput": 721392.2861243819, "ratio": 1.0, "url": "http://server/chunk-stream5-00013.m4s"}, {"index": 13, "start": 12.232233047485352, "end": 13.889372110366821, "quality": 5, "bitrate": 641379, "throughput": 729967.9220845271, "ratio": 1.0, "url": "http://server/chunk-stream5-00014.m4s"}, {"index": 14, "start": 13.889580011367798, "end": 15.426707983016968, "quality": 5, "bitrate": 641379, "throughput": 714408.8519712049, "ratio": 1.0, "url": "http://server/chunk-stream5-00015.m4s"}, {"index": 15, "start": 15.42688798904419, "end": 16.933167934417725, "quality": 5, "bitrate": 641379, "throughput": 737398.9141085043, "ratio": 1.0, "url": "http://server/chunk-stream5-00016.m4s"}, {"index": 16, "start": 16.933342933654785, "end": 17.726880073547363, "quality": 5, "bitrate": 641379, "throughput": 738057.7798255102, "ratio": 1.0, "url": "http://server/chunk-stream5-00017.m4s"}, {"index": 17, "start": 17.727077960968018, "end": 18.724431037902832, "quality": 5, "bitrate": 641379, "throughput": 669734.4793749375, "ratio": 1.0, "url": "http://server/chunk-stream5-00018.m4s"}, {"index": 18, "start": 18.724667072296143, "end": 19.12958312034607, "quality": 6, "bitrate": 391570, "throughput": 608937.7139698437, "ratio": 1.0, "url": "http://server/chunk-stream6-00019.m4s"}, {"index": 19, "start": 19.129760026931763, "end": 19.49317193031311, "quality": 6, "bitrate": 391570, "throughput": 641214.5978660416, "ratio": 1.0, "url": "http://server/chunk-stream6-00020.m4s"}, {"index": 20, "start": 19.49333906173706, "end": 20.44611096382141, "quality": 5, "bitrate": 641379, "throughput": 694403.3895022289, "ratio": 1.0, "url": "http://server/chunk-stream5-00021.m4s"}, {"index": 21, "start": 20.44631004333496, "end": 20.78196907043457, "quality": 5, "bitrate": 641379, "throughput": 725135.303655122, "ratio": 1.0, "url": "http://server/chunk-stream5-00022.m4s"}, {"index": 22, "start": 20.78218412399292, "end": 21.145761013031006, "quality": 5, "bitrate": 641379, "throughput": 735775.9882950503, "ratio": 1.0, "url": "http://server/chunk-stream5-00023.m4s"}, {"index": 23, "start": 21.14599299430847, "end": 22.574522972106934, "quality": 5, "bitrate": 641379, "throughput": 691968.0336640669, "ratio": 1.0, "url": "http://server/chunk-stream5-00024.m4s"}], "num_stall": 1, "dur_stall": 2.7776479721069336, "avg_bitrate": 603803.125, "num_quality_switches": 7}