{"segments": [{"index": 0, "start": 0.05314302444458008, "end": 0.40238499641418457, "quality": 4, "bitrate": 988603, "throughput": 0, "ratio": 1.0, "url": "http://server/chunk-stream4-00001.m4s"}, {"index": 1, "start": 0.4025101661682129, "end": 0.6793460845947266, "quality": 5, "bitrate": 641379, "throughput": 713520.195438763, "ratio": 1.0, "url": "http://server/chunk-stream5-00002.m4s"}, {"index": 2, "start": 0.679495096206665, "end": 1.211780071258545, "quality": 5, "bitrate": 641379, "throughput": 658647.8481080879, "ratio": 1.0, "url": "http://server/chunk-stream5-00003.m4s"}, {"index": 3, "start": 1.2118821144104004, "end": 1.451333999633789, "quality": 6, "bitrate": 391570, "throughput": 502116.50347492064, "ratio": 1.0, "url": "http://server/chunk-stream6-00004.m4s"}, {"index": 4, "start": 1.4514100551605225, "end": 2.2194430828094482, "quality": 6, "bitrate": 391570, "throughput": 602016.452331928, "ratio": 1.0, "url": "http://server/chunk-stream6-00005.m4s"}, {"index": 5, "start": 2.219658136367798, "end": 2.56860613822937, "quality": 6, "bitrate": 391570, "throughput": 473275.93463378225, "ratio": 1.0, "url": "http://server/chunk-stream6-00006.m4s"}, {"index": 6, "start": 2.568688154220581, "end": 2.99296498298645, "quality": 6, "bitrate": 391570, "throughput": 611152.1245421161, "ratio": 1.0, "url": "http://server/chunk-stream6-00007.m4s"}, {"index": 7, "start": 2.993046998977661, "end": 3.8129491806030273, "quality": 5, "bitrate": 641379, "throughput": 681694.1320112706, "ratio": 1.0, "url": "http://server/chunk-stream5-00008.m4s"}, {"index": 8, "start": 3.813157081604004, "end": 5.060726165771484, "quality": 5, "bitrate": 641379, "throughput": 719411.8757530856, "ratio": 1.0, "url": "http://server/chunk-stream5-00009.m4s"}, {"index": 9, "start": 5.060801982879639, "end": 6.326091051101685, "quality": 5, "bitrate": 641379, "throughput": 651939.5962297714, "ratio": 1.0, "url": "http://server/chunk-stream5-00010.m4s"}, {"index": 10, "start": 6.326198101043701, "end": 6.922752141952515, "quality": 6, "bitrate": 391570, "throughput": 641128.3607603516, "ratio": 1.0, "url": "http://server/chunk-stream6-00011.m4s"}, {"index": 11, "start": 6.922942161560059, "end": 8.249346017837524, "quality": 5, "bitrate": 641379, "throughput": 698556.1153800879, "ratio": 1.0, "url": "http://server/chunk-stream5-00012.m4s"}, {"index": 12, "start": 8.249466180801392, "end": 9.71302318572998, "quality": 5, "bitrate": 641379, "throughput": 729560.1203135176, "ratio": 1.0, "url": "http://server/chunk-stream5-00013.m4s"}, {"index": 13, "start": 9.713118076324463, "end": 12.154584169387817, "quality": 5, "bitrate": 641379, "throughput": 745351.1654363034, "ratio": 1.0, "url": "http://server/chunk-stream5-00014.m4s"}, {"index": 14, "start": 12.154759168624878, "end": 13.383316040039062, "quality": 6, "bitrate": 391570, "throughput": 609838.2182727053, "ratio": 1.0, "url": "http://server/chunk-stream6-00015.m4s"}, {"index": 15, "start": 13.383476972579956, "end": 14.288801193237305, "quality": 6, "bitrate": 391570, "throughput": 591678.9838626299, "ratio": 1.0, "url": "http://server/chunk-stream6-00016.m4s"}, {"index": 16, "start": 14.288954973220825, "end": 14.920204162597656, "quality": 5, "bitrate": 641379, "throughput": 674987.3139885177, "ratio": 1.0, "url": "http://server/chunk-stream5-00017.m4s"}, {"index": 17, "start": 14.920303106307983, "end": 15.642616033554077, "quality": 5, "bitrate": 641379, "throughput": 715481.0381102778, "ratio": 1.0, "url": "http://server/chunk-stream5-00018.m4s"}, {"index": 18, "start": 15.642857074737549, "end": 16.171985149383545, "quality": 5, "bitrate": 641379, "throughput": 736248.7754512213, "ratio": 1.0, "url": "http://server/chunk-stream5-00019.m4s"}, {"index": 19, "start": 16.172073125839233, "end": 16.731757164001465, "quality": 5, "bitrate": 641379, "throughput": 744929.3374689887, "ratio": 1.0, "url": "http://server/chunk-stream5-00020.m4s"}, {"index": 20, "start": 16.73196816444397, "end": 18.225418090820312, "quality": 5, "bitrate": 641379, "throughput": 750179.1599810286, "ratio": 1.0, "url": "http://server/chunk-stream5-00021.m4s"}, {"index": 21, "start": 18.225531101226807, "end": 18.476886987686157, "quality": 6, "bitrate": 391570, "throughput": 616161.0855985604, "ratio": 1.0, "url": "http://server/chunk-stream6-00022.m4s"}, {"index": 22, "start": 18.476991176605225, "end": 18.793004989624023, "quality": 5, "bitrate": 641379, "throughput": 657483.1348644565, "ratio": 1.0, "url": "http://server/chunk-stream5-00023.m4s"}, {"index": 23, "start": 18.793137073516846, "end": 20.161076068878174, "quality": 5, "bitrate": 641379, "throughput": 701590.5425589951, "ratio": 1.0, "url": "http://server/chunk-stream5-00024.m4s"}], "num_stall": 0, "dur_stall": 0, "avg_bitrate": 572577.0, "num_quality_switches": 9}