{"segments": [{"index": 0, "start": 0.07021594047546387, "end": 0.31734800338745117, "quality": 5, "bitrate": 641379, "throughput": 0, "ratio": 1.0, "url": "http://server/chunk-stream5-00001.m4s"}, {"index": 1, "start": 0.31748390197753906, "end": 0.487962007522583, "quality": 6, "bitrate": 391570, "throughput": 712188.7132972253, "ratio": 1.0, "url": "http://server/chunk-stream6-00002.m4s"}, {"index": 2, "start": 0.48805809020996094, "end": 0.6519598960876465, "quality": 6, "bitrate": 391570, "throughput": 649834.0018306435, "ratio": 1.0, "url": "http://server/chunk-stream6-00003.m4s"}, {"index": 3, "start": 0.6520678997039795, "end": 0.9193038940429688, "quality": 6, "bitrate": 391570, "throughput": 690469.5004451055, "ratio": 1.0, "url": "http://server/chunk-stream6-00004.m4s"}, {"index": 4, "start": 0.9193770885467529, "end": 1.5704309940338135, "quality": 6, "bitrate": 391570, "throughput": 654221.1528749756, "ratio": 1.0, "url": "http://server/chunk-stream6-00005.m4s"}, {"index": 5, "start": 1.5706748962402344, "end": 1.9203159809112549, "quality": 6, "bitrate": 391570, "throughput": 530339.2054960218, "ratio": 1.0, "url": "http://server/chunk-stream6-00006.m4s"}, {"index": 6, "start": 1.9204370975494385, "end": 3.232179880142212, "quality": 6, "bitrate": 391570, "throughput": 639004.6285403866, "ratio": 1.0, "url": "http://server/chunk-stream6-00007.m4s"}, {"index": 7, "start": 3.2322568893432617, "end": 5.094667911529541, "quality": 6, "bitrate": 391570, "throughput": 441130.9494203001, "ratio": 1.0, "url": "http://server/chunk-stream6-00008.m4s"}, {"index": 8, "start": 5.094780921936035, "end": 6.855031967163086, "quality": 6, "bitrate": 391570, "throughput": 314966.2343266894, "ratio": 1.0, "url": "http://server/chunk-stream6-00009.m4s"}, {"index": 9, "start": 6.855096101760864, "end": 9.785412073135376, "quality": 6, "bitrate": 391570, "throughput": 273468.34385747765, "ratio": 1.0, "url": "http://server/chunk-stream6-00010.m4s"}, {"index": 10, "start": 9.785492897033691, "end": 11.106312990188599, "quality": 6, "bitrate": 391570, "throughput": 215411.7383334276, "ratio": 1.0, "url": "http://server/chunk-stream6-00011.m4s"}, {"index": 11, "start": 11.106451988220215, "end": 13.106738090515137, "quality": 6, "bitrate": 391570, "throughput": 278401.5142808445, "ratio": 1.0, "url": "http://server/chunk-stream6-00012.m4s"}, {"index": 12, "start": 13.106849908828735, "end": 16.76091694831848, "quality": 6, "bitrate": 391570, "throughput": 281925.95747444476, "ratio": 1.0, "url": "http://server/chunk-stream6-00013.m4s"}, {"index": 13, "start": 16.76099991798401, "end": 20.68721604347229, "quality": 6, "bitrate": 391570, "throughput": 231323.20360316566, "ratio": 1.0, "url": "http://server/chunk-stream6-00014.m4s"}, {"index": 14, "start": 20.68730902671814, "end": 23.62429690361023, "quality": 6, "bitrate": 391570, "throughput": 204544.0868067613, "ratio": 1.0, "url": "http://server/chunk-stream6-00015.m4s"}, {"index": 15, "start": 23.62439203262329, "end": 25.37846302986145, "quality": 6, "bitrate": 391570, "throughput": 222210.91529680247, "ratio": 1.0, "url": "http://server/chunk-stream6-00016.m4s"}, {"index": 16, "start": 25.378690004348755, "end": 26.07034707069397, "quality": 6, "bitrate": 391570, "throughput": 306782.03335066116, "ratio": 1.0, "url": "http://server/chunk-stream6-00017.m4s"}, {"index": 17, "start": 26.07051706314087, "end": 27.183024883270264, "quality": 6, "bitrate": 391570, "throughput": 384915.7135371546, "ratio": 1.0, "url": "http://server/chunk-stream6-00018.m4s"}, {"index": 18, "start": 27.18311595916748, "end": 28.214711904525757, "quality": 6, "bitrate": 391570, "throughput": 349372.82966418355, "ratio": 1.0, "url": "http://server/chunk-stream6-00019.m4s"}, {"index": 19, "start": 28.214816093444824, "end": 28.743757009506226, "quality": 6, "bitrate": 391570, "throughput": 306819.63960613654, "ratio": 1.0, "url": "http://server/chunk-stream6-00020.m4s"}, {"index": 20, "start": 28.743864059448242, "end": 29.582624912261963, "quality": 6, "bitrate": 391570, "throughput": 410161.7614524261, "ratio": 1.0, "url": "http://server/chunk-stream6-00021.m4s"}, {"index": 21, "start": 29.582697868347168, "end": 29.879891872406006, "quality": 6, "bitrate": 391570, "throughput": 531599.2417089245, "ratio": 1.0, "url": "http://server/chunk-stream6-00022.m4s"}, {"index": 22, "start": 29.879992961883545, "end": 30.843693017959595, "quality": 6, "bitrate": 391570, "throughput": 561283.7147820452, "ratio": 1.0, "url": "http://server/chunk-stream6-00023.m4s"}, {"index": 23, "start": 30.84391498565674, "end": 32.43351697921753, "quality": 6, "bitrate": 391570, "throughput": 367022.77967199235, "ratio": 1.0, "url": "http://server/chunk-stream6-00024.m4s"}], "num_stall": 2, "dur_stall": 10.973664999008179, "avg_bitrate": 401978.7083333333, "num_quality_switches": 1}