{"segments": [{"index": 0, "start": 1.0737800598144531, "end": 2.3432600498199463, "quality": 5, "bitrate": 641379, "throughput": 0, "ratio": 1.0, "url": "http://server/chunk-stream5-00001.m4s"}, {"index": 1, "start": 2.3434839248657227, "end": 3.219606876373291, "quality": 6, "bitrate": 391570, "throughput": 620731.0852846171, "ratio": 1.0, "url": "http://server/chunk-stream6-00002.m4s"}, {"index": 2, "start": 3.2198290824890137, "end": 4.486780881881714, "quality": 6, "bitrate": 391570, "throughput": 324605.5563809784, "ratio": 1.0, "url": "http://server/chunk-stream6-00003.m4s"}, {"index": 3, "start": 4.4870078563690186, "end": 5.057667970657349, "quality": 6, "bitrate": 391570, "throughput": 209564.50736822918, "ratio": 1.0, "url": "http://server/chunk-stream6-00004.m4s"}, {"index": 4, "start": 5.057939052581787, "end": 5.734807014465332, "quality": 6, "bitrate": 391570, "throughput": 249517.18064079626, "ratio": 1.0, "url": "http://server/chunk-stream6-00005.m4s"}, {"index": 5, "start": 5.734966993331909, "end": 6.650035858154297, "quality": 6, "bitrate": 391570, "throughput": 320222.5406570086, "ratio": 1.0, "url": "http://server/chunk-stream6-00006.m4s"}, {"index": 6, "start": 6.650271892547607, "end": 7.525470018386841, "quality": 6, "bitrate": 391570, "throughput": 302923.15995304886, "ratio": 1.0, "url": "http://server/chunk-stream6-00007.m4s"}, {"index": 7, "start": 7.525620937347412, "end": 11.970686912536621, "quality": 6, "bitrate": 391570, "throughput": 333781.3321031205, "ratio": 1.0, "url": "http://server/chunk-stream6-00008.m4s"}, {"index": 8, "start": 11.970903873443604, "end": 13.194894075393677, "quality": 6, "bitrate": 391570, "throughput": 206441.3122215742, "ratio": 1.0, "url": "http://server/chunk-stream6-00009.m4s"}, {"index": 9, "start": 13.195082902908325, "end": 14.760416984558105, "quality": 6, "bitrate": 391570, "throughput": 270043.2888017872, "ratio": 1.0, "url": "http://server/chunk-stream6-00010.m4s"}, {"index": 10, "start": 14.760586023330688, "end": 16.83921504020691, "quality": 6, "bitrate": 391570, "throughput": 282326.0451326666, "ratio": 1.0, "url": "http://server/chunk-stream6-00011.m4s"}, {"index": 11, "start": 16.839417934417725, "end": 20.546097993850708, "quality": 6, "bitrate": 391570, "throughput": 249625.15733344934, "ratio": 1.0, "url": "http://server/chunk-stream6-00012.m4s"}, {"index": 12, "start": 20.546283960342407, "end": 23.06314206123352, "quality": 6, "bitrate": 391570, "throughput": 201827.7402799364, "ratio": 1.0, "url": "http://server/chunk-stream6-00013.m4s"}, {"index": 13, "start": 23.063256978988647, "end": 24.691631078720093, "quality": 6, "bitrate": 391570, "throughput": 232107.07371531104, "ratio": 1.0, "url": "http://server/chunk-stream6-00014.m4s"}, {"index": 14, "start": 24.691869974136353, "end": 27.992356061935425, "quality": 6, "bitrate": 391570, "throughput": 330399.2893772329, "ratio": 1.0, "url": "http://server/chunk-stream6-00015.m4s"}, {"index": 15, "start": 27.99254298210144, "end": 29.806999921798706, "quality": 6, "bitrate": 391570, "throughput": 271934.9545470245, "ratio": 1.0, "url": "http://server/chunk-stream6-00016.m4s"}, {"index": 16, "start": 29.807206869125366, "end": 31.69343590736389, "quality": 6, "bitrate": 391570, "throughput": 325128.2342981562, "ratio": 1.0, "url": "http://server/chunk-stream6-00017.m4s"}, {"index": 17, "start": 31.693687915802002, "end": 33.69621396064758, "quality": 6, "bitrate": 391570, "throughput": 247446.21825577522, "ratio": 1.0, "url": "http://server/chunk-stream6-00018.m4s"}, {"index": 18, "start": 33.69656300544739, "end": 34.43095088005066, "quality": 6, "bitrate": 391570, "throughput": 210899.24004137426, "ratio": 1.0, "url": "http://server/chunk-stream6-00019.m4s"}, {"index": 19, "start": 34.4311158657074, "end": 34.92198705673218, "quality": 6, "bitrate": 391570, "throughput": 291070.7028117642, "ratio": 1.0, "url": "http://server/chunk-stream6-00020.m4s"}, {"index": 20, "start": 34.92223596572876, "end": 36.84531903266907, "quality": 6, "bitrate": 391570, "throughput": 422258.6809072672, "ratio": 1.0, "url": "http://server/chunk-stream6-00021.m4s"}, {"index": 21, "start": 36.845526933670044, "end": 37.21656608581543, "quality": 6, "bitrate": 391570, "throughput": 353509.35143982276, "ratio": 1.0, "url": "http://server/chunk-stream6-00022.m4s"}, {"index": 22, "start": 37.21675086021423, "end": 37.484556913375854, "quality": 6, "bitrate": 391570, "throughput": 413445.4570874676, "ratio": 1.0, "url": "http://server/chunk-stream6-00023.m4s"}, {"index": 23, "start": 37.484726905822754, "end": 41.21340894699097, "quality": 6, "bitrate": 391570, "throughput": 517692.00189781724, "ratio": 1.0, "url": "http://server/chunk-stream6-00024.m4s"}], "num_stall": 4, "dur_stall": 13.754098415374756, "avg_bitrate": 401978.7083333333, "num_quality_switches": 1}