{"segments": [{"index": 0, "start": 0.2801990509033203, "end": 0.5276191234588623, "quality": 5, "bitrate": 641379, "throughput": 0, "ratio": 1.0, "url": "http://server/chunk-stream5-00001.m4s"}, {"index": 1, "start": 0.5277261734008789, "end": 0.6984231472015381, "quality": 6, "bitrate": 391570, "throughput": 710197.6985491024, "ratio": 1.0, "url": "http://server/chunk-stream6-00002.m4s"}, {"index": 2, "start": 0.6985909938812256, "end": 1.991698980331421, "quality": 6, "bitrate": 391570, "throughput": 650045.3756396626, "ratio": 1.0, "url": "http://server/chunk-stream6-00003.m4s"}, {"index": 3, "start": 1.9918811321258545, "end": 2.3536550998687744, "quality": 6, "bitrate": 391570, "throughput": 371325.81523777015, "ratio": 1.0, "url": "http://server/chunk-stream6-00004.m4s"}, {"index": 4, "start": 2.3537449836730957, "end": 4.670053005218506, "quality": 6, "bitrate": 391570, "throughput": 413899.0695740124, "ratio": 1.0, "url": "http://server/chunk-stream6-00005.m4s"}, {"index": 5, "start": 4.670123100280762, "end": 5.638183116912842, "quality": 6, "bitrate": 391570, "throughput": 264053.1468761576, "ratio": 1.0, "url": "http://server/chunk-stream6-00006.m4s"}, {"index": 6, "start": 5.638259172439575, "end": 6.622246026992798, "quality": 6, "bitrate": 391570, "throughput": 266995.5090862792, "ratio": 1.0, "url": "http://server/chunk-stream6-00007.m4s"}, {"index": 7, "start": 6.622456073760986, "end": 7.219747066497803, "quality": 6, "bitrate": 391570, "throughput": 295665.1117404059, "ratio": 1.0, "url": "http://server/chunk-stream6-00008.m4s"}, {"index": 8, "start": 7.219925165176392, "end": 8.161334037780762, "quality": 6, "bitrate": 391570, "throughput": 442275.34504069056, "ratio": 1.0, "url": "http://server/chunk-stream6-00009.m4s"}, {"index": 9, "start": 8.161463022232056, "end": 9.842512130737305, "quality": 6, "bitrate": 391570, "throughput": 438034.02086942387, "ratio": 1.0, "url": "http://server/chunk-stream6-00010.m4s"}, {"index": 10, "start": 9.842745065689087, "end": 11.200016975402832, "quality": 6, "bitrate": 391570, "throughput": 356181.9752723135, "ratio": 1.0, "url": "http://server/chunk-stream6-00011.m4s"}, {"index": 11, "start": 11.200247049331665, "end": 12.271068096160889, "quality": 6, "bitrate": 391570, "throughput": 344216.0753292667, "ratio": 1.0, "url": "http://server/chunk-stream6-00012.m4s"}, {"index": 12, "start": 12.271193027496338, "end": 14.385398149490356, "quality": 6, "bitrate": 391570, "throughput": 438728.42910612904, "ratio": 1.0, "url": "http://server/chunk-stream6-00013.m4s"}, {"index": 13, "start": 14.385571002960205, "end": 16.854215145111084, "quality": 6, "bitrate": 391570, "throughput": 375548.90937536187, "ratio": 1.0, "url": "http://server/chunk-stream6-00014.m4s"}, {"index": 14, "start": 16.854432106018066, "end": 22.692768096923828, "quality": 6, "bitrate": 391570, "throughput": 329148.20973270986, "ratio": 1.0, "url": "http://server/chunk-stream6-00015.m4s"}, {"index": 15, "start": 22.69289207458496, "end": 24.464208126068115, "quality": 6, "bitrate": 391570, "throughput": 224909.08923744468, "ratio": 1.0, "url": "http://server/chunk-stream6-00016.m4s"}, {"index": 16, "start": 24.46434712409973, "end": 25.165866136550903, "quality": 6, "bitrate": 391570, "throughput": 306215.03734842, "ratio": 1.0, "url": "http://server/chunk-stream6-00017.m4s"}, {"index": 17, "start": 25.16604208946228, "end": 27.176838159561157, "quality": 6, "bitrate": 391570, "throughput": 381368.57286540116, "ratio": 1.0, "url": "http://server/chunk-stream6-00018.m4s"}, {"index": 18, "start": 27.17707896232605, "end": 27.644047021865845, "quality": 6, "bitrate": 391570, "throughput": 277500.1686980733, "ratio": 1.0, "url": "http://server/chunk-stream6-00019.m4s"}, {"index": 19, "start": 27.644248008728027, "end": 28.604680061340332, "quality": 6, "bitrate": 391570, "throughput": 430840.54717609915, "ratio": 1.0, "url": "http://server/chunk-stream6-00020.m4s"}, {"index": 20, "start": 28.604823112487793, "end": 29.73042607307434, "quality": 6, "bitrate": 391570, "throughput": 356812.1304318714, "ratio": 1.0, "url": "http://server/chunk-stream6-00021.m4s"}, {"index": 21, "start": 29.73061203956604, "end": 30.976773023605347, "quality": 6, "bitrate": 391570, "throughput": 421680.5346969854, "ratio": 1.0, "url": "http://server/chunk-stream6-00022.m4s"}, {"index": 22, "start": 30.977015018463135, "end": 32.196248054504395, "quality": 6, "bitrate": 391570, "throughput": 281286.43633742066, "ratio": 1.0, "url": "http://server/chunk-stream6-00023.m4s"}, {"index": 23, "start": 32.19648194313049, "end": 33.52933597564697, "quality": 6, "bitrate": 391570, "throughput": 208917.77999335242, "ratio": 1.0, "url": "http://server/chunk-stream6-00024.m4s"}], "num_stall": 1, "dur_stall": 8.669949054718018, "avg_bitrate": 401978.7083333333, "num_quality_switches": 1}