{"segments": [{"index": 0, "start": 1.0566260814666748, "end": 3.1356451511383057, "quality": 6, "bitrate": 391570, "throughput": 0, "ratio": 1.0, "url": "http://server/chunk-stream6-00001.m4s"}, {"index": 1, "start": 3.1359059810638428, "end": 3.7908191680908203, "quality": 6, "bitrate": 391570, "throughput": 308215.2230688839, "ratio": 1.0, "url": "http://server/chunk-stream6-00002.m4s"}, {"index": 2, "start": 3.7910029888153076, "end": 5.0557591915130615, "quality": 5, "bitrate": 641379, "throughput": 240003.12352943397, "ratio": 1.0, "url": "http://server/chunk-stream5-00003.m4s"}, {"index": 3, "start": 5.055963039398193, "end": 6.7481770515441895, "quality": 4, "bitrate": 988603, "throughput": 186310.57797782854, "ratio": 1.0, "url": "http://server/chunk-stream4-00004.m4s"}, {"index": 4, "start": 6.748342037200928, "end": 8.344608068466187, "quality": 4, "bitrate": 988603, "throughput": 261980.45114277452, "ratio": 1.0, "url": "http://server/chunk-stream4-00005.m4s"}, {"index": 5, "start": 8.344812154769897, "end": 9.521351099014282, "quality": 5, "bitrate": 641379, "throughput": 391940.74730589316, "ratio": 1.0, "url": "http://server/chunk-stream5-00006.m4s"}, {"index": 6, "start": 9.521567106246948, "end": 10.758475065231323, "quality": 5, "bitrate": 641379, "throughput": 413392.75799393584, "ratio": 1.0, "url": "http://server/chunk-stream5-00007.m4s"}, {"index": 7, "start": 10.758602142333984, "end": 12.077479124069214, "quality": 5, "bitrate": 641379, "throughput": 432103.9271720516, "ratio": 1.0, "url": "http://server/chunk-stream5-00008.m4s"}, {"index": 8, "start": 12.077702045440674, "end": 13.538571119308472, "quality": 5, "bitrate": 641379, "throughput": 451367.4577279642, "ratio": 1.0, "url": "http://server/chunk-stream5-00009.m4s"}, {"index": 9, "start": 13.53876805305481, "end": 14.649487972259521, "quality": 6, "bitrate": 391570, "throughput": 475274.525147083, "ratio": 1.0, "url": "http://server/chunk-stream6-00010.m4s"}, {"index": 10, "start": 14.649824142456055, "end": 16.20295000076294, "quality": 5, "bitrate": 641379, "throughput": 445249.3255394022, "ratio": 1.0, "url": "http://server/chunk-stream5-00011.m4s"}, {"index": 11, "start": 16.203137159347534, "end": 18.870800018310547, "quality": 4, "bitrate": 988603, "throughput": 480080.27139514545, "ratio": 1.0, "url": "http://server/chunk-stream4-00012.m4s"}, {"index": 12, "start": 18.870952129364014, "end": 20.835113048553467, "quality": 5, "bitrate": 641379, "throughput": 549836.8099089977, "ratio": 1.0, "url": "http://server/chunk-stream5-00013.m4s"}, {"index": 13, "start": 20.835268020629883, "end": 22.255385160446167, "quality": 6, "bitrate": 391570, "throughput": 558504.6285910488, "ratio": 1.0, "url": "http://server/chunk-stream6-00014.m4s"}, {"index": 14, "start": 22.255556106567383, "end": 24.290493965148926, "quality": 5, "bitrate": 641379, "throughput": 525013.139607787, "ratio": 1.0, "url": "http://server/chunk-stream5-00015.m4s"}, {"index": 15, "start": 24.29073214530945, "end": 27.009297132492065, "quality": 4, "bitrate": 988603, "throughput": 549684.0896089966, "ratio": 1.0, "url": "http://server/chunk-stream4-00016.m4s"}, {"index": 16, "start": 27.009459018707275, "end": 28.14108920097351, "quality": 5, "bitrate": 641379, "throughput": 585943.0156104802, "ratio": 1.0, "url": "http://server/chunk-stream5-00017.m4s"}, {"index": 17, "start": 28.141273021697998, "end": 29.36351704597473, "quality": 5, "bitrate": 641379, "throughput": 503819.21616129566, "ratio": 1.0, "url": "http://server/chunk-stream5-00018.m4s"}, {"index": 18, "start": 29.363708019256592, "end": 30.227691173553467, "quality": 6, "bitrate": 391570, "throughput": 475529.9731497598, "ratio": 1.0, "url": "http://server/chunk-stream6-00019.m4s"}, {"index": 19, "start": 30.22785210609436, "end": 31.288170099258423, "quality": 5, "bitrate": 641379, "throughput": 395540.9344732092, "ratio": 1.0, "url": "http://server/chunk-stream5-00020.m4s"}, {"index": 20, "start": 31.288403034210205, "end": 33.01364707946777, "quality": 4, "bitrate": 988603, "throughput": 397139.01610671694, "ratio": 1.0, "url": "http://server/chunk-stream4-00021.m4s"}, {"index": 21, "start": 33.01383709907532, "end": 33.95051407814026, "quality": 4, "bitrate": 988603, "throughput": 468539.38615405606, "ratio": 1.0, "url": "http://server/chunk-stream4-00022.m4s"}, {"index": 22, "start": 33.95070815086365, "end": 34.86841917037964, "quality": 4, "bitrate": 988603, "throughput": 409442.3010045561, "ratio": 1.0, "url": "http://server/chunk-stream4-00023.m4s"}, {"index": 23, "start": 34.86864113807678, "end": 37.28226709365845, "quality": 4, "bitrate": 988603, "throughput": 375471.224577892, "ratio": 1.0, "url": "http://server/chunk-stream4-00024.m4s"}], "num_stall": 3, "dur_stall": 9.230157852172852, "avg_bitrate": 705076.7916666666, "num_quality_switches": 14}