{"segments": [{"index": 0, "start": 1.0563230514526367, "end": 3.135162115097046, "quality": 6, "bitrate": 391570, "throughput": 0, "ratio": 1.0, "url": "http://server/chunk-stream6-00001.m4s"}, {"index": 1, "start": 3.135457992553711, "end": 3.790477991104126, "quality": 6, "bitrate": 391570, "throughput": 308230.91664676915, "ratio": 1.0, "url": "http://server/chunk-stream6-00002.m4s"}, {"index": 2, "start": 3.790741205215454, "end": 5.055478096008301, "quality": 5, "bitrate": 641379, "throughput": 240005.8407062175, "ratio": 1.0, "url": "http://server/chunk-stream5-00003.m4s"}, {"index": 3, "start": 5.055598020553589, "end": 6.747305154800415, "quality": 4, "bitrate": 988603, "throughput": 186334.0233424579, "ratio": 1.0, "url": "http://server/chunk-stream4-00004.m4s"}, {"index": 4, "start": 6.747572183609009, "end": 8.344098091125488, "quality": 4, "bitrate": 988603, "throughput": 262081.1613012966, "ratio": 1.0, "url": "http://server/chunk-stream4-00005.m4s"}, {"index": 5, "start": 8.344300031661987, "end": 9.520668983459473, "quality": 5, "bitrate": 641379, "throughput": 391953.80102651234, "ratio": 1.0, "url": "http://server/chunk-stream5-00006.m4s"}, {"index": 6, "start": 9.520830154418945, "end": 10.757812023162842, "quality": 5, "bitrate": 641379, "throughput": 413420.8809663333, "ratio": 1.0, "url": "http://server/chunk-stream5-00007.m4s"}, {"index": 7, "start": 10.757971048355103, "end": 12.077048063278198, "quality": 5, "bitrate": 641379, "throughput": 432118.42320965213, "ratio": 1.0, "url": "http://server/chunk-stream5-00008.m4s"}, {"index": 8, "start": 12.077224016189575, "end": 13.537986040115356, "quality": 5, "bitrate": 641379, "throughput": 451339.7779131761, "ratio": 1.0, "url": "http://server/chunk-stream5-00009.m4s"}, {"index": 9, "start": 13.538185119628906, "end": 14.64859914779663, "quality": 6, "bitrate": 391570, "throughput": 475290.51326821453, "ratio": 1.0, "url": "http://server/chunk-stream6-00010.m4s"}, {"index": 10, "start": 14.648776054382324, "end": 16.201714992523193, "quality": 5, "bitrate": 641379, "throughput": 445293.3876728538, "ratio": 1.0, "url": "http://server/chunk-stream5-00011.m4s"}, {"index": 11, "start": 16.20188021659851, "end": 18.86975121498108, "quality": 4, "bitrate": 988603, "throughput": 480122.4246623183, "ratio": 1.0, "url": "http://server/chunk-stream4-00012.m4s"}, {"index": 12, "start": 18.86990213394165, "end": 20.833651065826416, "quality": 5, "bitrate": 641379, "throughput": 549828.2872356573, "ratio": 1.0, "url": "http://server/chunk-stream5-00013.m4s"}, {"index": 13, "start": 20.833805084228516, "end": 22.253926992416382, "quality": 6, "bitrate": 391570, "throughput": 558563.764210385, "ratio": 1.0, "url": "http://server/chunk-stream6-00014.m4s"}, {"index": 14, "start": 22.254132986068726, "end": 24.289774179458618, "quality": 5, "bitrate": 641379, "throughput": 525046.338857264, "ratio": 1.0, "url": "http://server/chunk-stream5-00015.m4s"}, {"index": 15, "start": 24.290178060531616, "end": 27.009093046188354, "quality": 4, "bitrate": 988603, "throughput": 549613.0819286685, "ratio": 1.0, "url": "http://server/chunk-stream4-00016.m4s"}, {"index": 16, "start": 27.009246110916138, "end": 28.140846014022827, "quality": 5, "bitrate": 641379, "throughput": 585868.5237664509, "ratio": 1.0, "url": "http://server/chunk-stream5-00017.m4s"}, {"index": 17, "start": 28.1410710811615, "end": 29.36329412460327, "quality": 5, "bitrate": 641379, "throughput": 503798.94344981166, "ratio": 1.0, "url": "http://server/chunk-stream5-00018.m4s"}, {"index": 18, "start": 29.363481998443604, "end": 30.227631092071533, "quality": 6, "bitrate": 391570, "throughput": 475530.874798131, "ratio": 1.0, "url": "http://server/chunk-stream6-00019.m4s"}, {"index": 19, "start": 30.227785110473633, "end": 31.28810214996338, "quality": 5, "bitrate": 641379, "throughput": 395513.084444643, "ratio": 1.0, "url": "http://server/chunk-stream5-00020.m4s"}, {"index": 20, "start": 31.288331031799316, "end": 33.01389408111572, "quality": 4, "bitrate": 988603, "throughput": 397123.9252870489, "ratio": 1.0, "url": "http://server/chunk-stream4-00021.m4s"}, {"index": 21, "start": 33.01412010192871, "end": 33.951059103012085, "quality": 4, "bitrate": 988603, "throughput": 468493.4883781718, "ratio": 1.0, "url": "http://server/chunk-stream4-00022.m4s"}, {"index": 22, "start": 33.95124006271362, "end": 34.86874198913574, "quality": 4, "bitrate": 988603, "throughput": 409373.6982345594, "ratio": 1.0, "url": "http://server/chunk-stream4-00023.m4s"}, {"index": 23, "start": 34.86888599395752, "end": 37.28255605697632, "quality": 4, "bitrate": 988603, "throughput": 375470.0290335194, "ratio": 1.0, "url": "http://server/chunk-stream4-00024.m4s"}], "num_stall": 3, "dur_stall": 9.22906494140625, "avg_bitrate": 705076.7916666666, "num_quality_switches": 14}