{"segments": [{"index": 0, "start": 1.5587010383605957, "end": 3.6437079906463623, "quality": 6, "bitrate": 391570, "throughput": 0, "ratio": 1.0, "url": "http://server/chunk-stream6-00001.m4s"}, {"index": 1, "start": 3.6439428329467773, "end": 4.2990639209747314, "quality": 6, "bitrate": 391570, "throughput": 308231.30620142684, "ratio": 1.0, "url": "http://server/chunk-stream6-00002.m4s"}, {"index": 2, "start": 4.299343824386597, "end": 5.564597845077515, "quality": 5, "bitrate": 641379, "throughput": 239998.31094332522, "ratio": 1.0, "url": "http://server/chunk-stream5-00003.m4s"}, {"index": 3, "start": 5.564793825149536, "end": 7.257067918777466, "quality": 4, "bitrate": 988603, "throughput": 186282.14504577997, "ratio": 1.0, "url": "http://server/chunk-stream4-00004.m4s"}, {"index": 4, "start": 7.257228851318359, "end": 8.853704929351807, "quality": 4, "bitrate": 988603, "throughput": 261956.13094107542, "ratio": 1.0, "url": "http://server/chunk-stream4-00005.m4s"}, {"index": 5, "start": 8.854022979736328, "end": 10.06864881515503, "quality": 5, "bitrate": 641379, "throughput": 391909.7208171772, "ratio": 1.0, "url": "http://server/chunk-stream5-00006.m4s"}, {"index": 6, "start": 10.068871974945068, "end": 11.30614686012268, "quality": 5, "bitrate": 641379, "throughput": 406564.5926106174, "ratio": 1.0, "url": "http://server/chunk-stream5-00007.m4s"}, {"index": 7, "start": 11.30633282661438, "end": 12.625372886657715, "quality": 5, "bitrate": 641379, "throughput": 428642.27123629197, "ratio": 1.0, "url": "http://server/chunk-stream5-00008.m4s"}, {"index": 8, "start": 12.625558853149414, "end": 13.66737699508667, "quality": 6, "bitrate": 391570, "throughput": 449599.74525352876, "ratio": 1.0, "url": "http://server/chunk-stream6-00009.m4s"}, {"index": 9, "start": 13.667578935623169, "end": 15.217625856399536, "quality": 5, "bitrate": 641379, "throughput": 420801.56882530334, "ratio": 1.0, "url": "http://server/chunk-stream5-00010.m4s"}, {"index": 10, "start": 15.217849016189575, "end": 17.55362582206726, "quality": 4, "bitrate": 988603, "throughput": 467681.34691082477, "ratio": 1.0, "url": "http://server/chunk-stream4-00011.m4s"}, {"index": 11, "start": 17.55385398864746, "end": 19.38035798072815, "quality": 5, "bitrate": 641379, "throughput": 527025.653324436, "ratio": 1.0, "url": "http://server/chunk-stream5-00012.m4s"}, {"index": 12, "start": 19.380523920059204, "end": 20.751632928848267, "quality": 6, "bitrate": 391570, "throughput": 539670.4543038803, "ratio": 1.0, "url": "http://server/chunk-stream6-00013.m4s"}, {"index": 13, "start": 20.751811981201172, "end": 22.77315402030945, "quality": 5, "bitrate": 641379, "throughput": 510680.99681480974, "ratio": 1.0, "url": "http://server/chunk-stream5-00014.m4s"}, {"index": 14, "start": 22.773367881774902, "end": 25.548846006393433, "quality": 4, "bitrate": 988603, "throughput": 541806.2410569775, "ratio": 1.0, "url": "http://server/chunk-stream4-00015.m4s"}, {"index": 15, "start": 25.549038887023926, "end": 27.511209964752197, "quality": 5, "bitrate": 641379, "throughput": 583446.1304213431, "ratio": 1.0, "url": "http://server/chunk-stream5-00016.m4s"}, {"index": 16, "start": 27.511377811431885, "end": 28.438097953796387, "quality": 6, "bitrate": 391570, "throughput": 575240.5590801504, "ratio": 1.0, "url": "http://server/chunk-stream6-00017.m4s"}, {"index": 17, "start": 28.438416004180908, "end": 29.6608989238739, "quality": 5, "bitrate": 641379, "throughput": 460452.1172846515, "ratio": 1.0, "url": "http://server/chunk-stream5-00018.m4s"}, {"index": 18, "start": 29.66108798980713, "end": 30.86857295036316, "quality": 4, "bitrate": 988603, "throughput": 453812.9237159489, "ratio": 1.0, "url": "http://server/chunk-stream4-00019.m4s"}, {"index": 19, "start": 30.868767976760864, "end": 32.08693194389343, "quality": 4, "bitrate": 988603, "throughput": 448537.20079894876, "ratio": 1.0, "url": "http://server/chunk-stream4-00020.m4s"}, {"index": 20, "start": 32.08709096908569, "end": 33.81244397163391, "quality": 4, "bitrate": 988603, "throughput": 447406.89410408156, "ratio": 1.0, "url": "http://server/chunk-stream4-00021.m4s"}, {"index": 21, "start": 33.81258201599121, "end": 34.647493839263916, "quality": 5, "bitrate": 641379, "throughput": 493664.18376507505, "ratio": 1.0, "url": "http://server/chunk-stream5-00022.m4s"}, {"index": 22, "start": 34.647701025009155, "end": 35.463573932647705, "quality": 5, "bitrate": 641379, "throughput": 396811.7857749644, "ratio": 1.0, "url": "http://server/chunk-stream5-00023.m4s"}, {"index": 23, "start": 35.46377992630005, "end": 37.24203181266785, "quality": 5, "bitrate": 641379, "throughput": 342785.6740028125, "ratio": 1.0, "url": "http://server/chunk-stream5-00024.m4s"}], "num_stall": 3, "dur_stall": 9.081739902496338, "avg_bitrate": 690609.125, "num_quality_switches": 15}