{"segments": [{"index": 0, "start": 0.8080639839172363, "end": 1.8885610103607178, "quality": 6, "bitrate": 391570, "throughput": 0, "ratio": 1.0, "url": "http://server/chunk-stream6-00001.m4s"}, {"index": 1, "start": 1.8887460231781006, "end": 2.293757915496826, "quality": 6, "bitrate": 391570, "throughput": 360407.8527135101, "ratio": 1.0, "url": "http://server/chunk-stream6-00002.m4s"}, {"index": 2, "start": 2.293997049331665, "end": 3.0588691234588623, "quality": 5, "bitrate": 641379, "throughput": 319134.80971874384, "ratio": 1.0, "url": "http://server/chunk-stream5-00003.m4s"}, {"index": 3, "start": 3.059093952178955, "end": 4.235827922821045, "quality": 4, "bitrate": 988603, "throughput": 270981.3010698674, "ratio": 1.0, "url": "http://server/chunk-stream4-00004.m4s"}, {"index": 4, "start": 4.236021041870117, "end": 5.5823750495910645, "quality": 4, "bitrate": 988603, "throughput": 348204.8809709133, "ratio": 1.0, "url": "http://server/chunk-stream4-00005.m4s"}, {"index": 5, "start": 5.5826499462127686, "end": 7.036020994186401, "quality": 4, "bitrate": 988603, "throughput": 483504.1756200623, "ratio": 1.0, "url": "http://server/chunk-stream4-00006.m4s"}, {"index": 6, "start": 7.036196947097778, "end": 8.02328109741211, "quality": 5, "bitrate": 641379, "throughput": 556526.8765120497, "ratio": 1.0, "url": "http://server/chunk-stream5-00007.m4s"}, {"index": 7, "start": 8.023491144180298, "end": 9.092489957809448, "quality": 5, "bitrate": 641379, "throughput": 560760.7256242107, "ratio": 1.0, "url": "http://server/chunk-stream5-00008.m4s"}, {"index": 8, "start": 9.092687129974365, "end": 10.303400039672852, "quality": 5, "bitrate": 641379, "throughput": 570724.7708817403, "ratio": 1.0, "url": "http://server/chunk-stream5-00009.m4s"}, {"index": 9, "start": 10.303570985794067, "end": 11.603573083877563, "quality": 5, "bitrate": 641379, "throughput": 586494.4536423611, "ratio": 1.0, "url": "http://server/chunk-stream5-00010.m4s"}, {"index": 10, "start": 11.603754043579102, "end": 12.907074928283691, "quality": 5, "bitrate": 641379, "throughput": 600017.8829920252, "ratio": 1.0, "url": "http://server/chunk-stream5-00011.m4s"}, {"index": 11, "start": 12.907267093658447, "end": 14.483991146087646, "quality": 5, "bitrate": 641379, "throughput": 606816.6919686301, "ratio": 1.0, "url": "http://server/chunk-stream5-00012.m4s"}, {"index": 12, "start": 14.484189987182617, "end": 15.605327129364014, "quality": 6, "bitrate": 391570, "throughput": 623367.6645768189, "ratio": 1.0, "url": "http://server/chunk-stream6-00013.m4s"}, {"index": 13, "start": 15.605535984039307, "end": 17.376786947250366, "quality": 5, "bitrate": 641379, "throughput": 606245.8387822765, "ratio": 1.0, "url": "http://server/chunk-stream5-00014.m4s"}, {"index": 14, "start": 17.376986980438232, "end": 19.902342081069946, "quality": 4, "bitrate": 988603, "throughput": 630049.8841616579, "ratio": 1.0, "url": "http://server/chunk-stream4-00015.m4s"}, {"index": 15, "start": 19.90257501602173, "end": 21.61472201347351, "quality": 5, "bitrate": 641379, "throughput": 658533.6476736299, "ratio": 1.0, "url": "http://server/chunk-stream5-00016.m4s"}, {"index": 16, "start": 21.614915132522583, "end": 22.29143500328064, "quality": 6, "bitrate": 391570, "throughput": 654182.9336724698, "ratio": 1.0, "url": "http://server/chunk-stream6-00017.m4s"}, {"index": 17, "start": 22.291643142700195, "end": 23.264156103134155, "quality": 5, "bitrate": 641379, "throughput": 563804.3869406842, "ratio": 1.0, "url": "http://server/chunk-stream5-00018.m4s"}, {"index": 18, "start": 23.26432514190674, "end": 24.25952696800232, "quality": 4, "bitrate": 988603, "throughput": 562961.1245669792, "ratio": 1.0, "url": "http://server/chunk-stream4-00019.m4s"}, {"index": 19, "start": 24.259753942489624, "end": 25.22794795036316, "quality": 4, "bitrate": 988603, "throughput": 550392.2288405703, "ratio": 1.0, "url": "http://server/chunk-stream4-00020.m4s"}, {"index": 20, "start": 25.228124141693115, "end": 26.703561067581177, "quality": 4, "bitrate": 988603, "throughput": 555955.3742230162, "ratio": 1.0, "url": "http://server/chunk-stream4-00021.m4s"}, {"index": 21, "start": 26.703758001327515, "end": 27.390448093414307, "quality": 4, "bitrate": 988603, "throughput": 593693.6170848841, "ratio": 1.0, "url": "http://server/chunk-stream4-00022.m4s"}, {"index": 22, "start": 27.39066505432129, "end": 28.058440923690796, "quality": 4, "bitrate": 988603, "throughput": 535817.8718471128, "ratio": 1.0, "url": "http://server/chunk-stream4-00023.m4s"}, {"index": 23, "start": 28.058645963668823, "end": 30.222249031066895, "quality": 4, "bitrate": 988603, "throughput": 502631.9637046879, "ratio": 1.0, "url": "http://server/chunk-stream4-00024.m4s"}], "num_stall": 2, "dur_stall": 5.1960289478302, "avg_bitrate": 744420.8333333334, "num_quality_switches": 10}