{"segments": [{"index": 0, "start": 0.5566990375518799, "end": 1.6352870464324951, "quality": 6, "bitrate": 391570, "throughput": 0, "ratio": 1.0, "url": "http://server/chunk-stream6-00001.m4s"}, {"index": 1, "start": 1.6354820728302002, "end": 2.040395975112915, "quality": 6, "bitrate": 391570, "throughput": 360504.50591239106, "ratio": 1.0, "url": "http://server/chunk-stream6-00002.m4s"}, {"index": 2, "start": 2.040618896484375, "end": 2.8055009841918945, "quality": 5, "bitrate": 641379, "throughput": 319213.5845008952, "ratio": 1.0, "url": "http://server/chunk-stream5-00003.m4s"}, {"index": 3, "start": 2.805701971054077, "end": 3.9826579093933105, "quality": 4, "bitrate": 988603, "throughput": 270989.50829733774, "ratio": 1.0, "url": "http://server/chunk-stream4-00004.m4s"}, {"index": 4, "start": 3.9829299449920654, "end": 5.329363107681274, "quality": 4, "bitrate": 988603, "throughput": 348171.19443221344, "ratio": 1.0, "url": "http://server/chunk-stream4-00005.m4s"}, {"index": 5, "start": 5.329552888870239, "end": 6.782987117767334, "quality": 4, "bitrate": 988603, "throughput": 483473.5774214357, "ratio": 1.0, "url": "http://server/chunk-stream4-00006.m4s"}, {"index": 6, "start": 6.7831830978393555, "end": 7.7702720165252686, "quality": 5, "bitrate": 641379, "throughput": 556508.3752287546, "ratio": 1.0, "url": "http://server/chunk-stream5-00007.m4s"}, {"index": 7, "start": 7.770441055297852, "end": 8.839514970779419, "quality": 5, "bitrate": 641379, "throughput": 560751.1337099394, "ratio": 1.0, "url": "http://server/chunk-stream5-00008.m4s"}, {"index": 8, "start": 8.839716911315918, "end": 10.050199031829834, "quality": 5, "bitrate": 641379, "throughput": 570683.8340232284, "ratio": 1.0, "url": "http://server/chunk-stream5-00009.m4s"}, {"index": 9, "start": 10.050373077392578, "end": 11.350244045257568, "quality": 5, "bitrate": 641379, "throughput": 586539.1202583294, "ratio": 1.0, "url": "http://server/chunk-stream5-00010.m4s"}, {"index": 10, "start": 11.350403070449829, "end": 12.65357494354248, "quality": 5, "bitrate": 641379, "throughput": 600071.1141926968, "ratio": 1.0, "url": "http://server/chunk-stream5-00011.m4s"}, {"index": 11, "start": 12.653796911239624, "end": 14.230474948883057, "quality": 5, "bitrate": 641379, "throughput": 606893.5587005464, "ratio": 1.0, "url": "http://server/chunk-stream5-00012.m4s"}, {"index": 12, "start": 14.230628967285156, "end": 15.351835012435913, "quality": 6, "bitrate": 391570, "throughput": 623379.820436633, "ratio": 1.0, "url": "http://server/chunk-stream6-00013.m4s"}, {"index": 13, "start": 15.352071046829224, "end": 17.123615026474, "quality": 5, "bitrate": 641379, "throughput": 606231.7432963157, "ratio": 1.0, "url": "http://server/chunk-stream5-00014.m4s"}, {"index": 14, "start": 17.123800039291382, "end": 19.649857997894287, "quality": 4, "bitrate": 988603, "throughput": 629982.1059787387, "ratio": 1.0, "url": "http://server/chunk-stream4-00015.m4s"}, {"index": 15, "start": 19.65011692047119, "end": 21.362258911132812, "quality": 5, "bitrate": 641379, "throughput": 658441.9329395797, "ratio": 1.0, "url": "http://server/chunk-stream5-00016.m4s"}, {"index": 16, "start": 21.362414121627808, "end": 22.038710117340088, "quality": 6, "bitrate": 391570, "throughput": 654141.0583706154, "ratio": 1.0, "url": "http://server/chunk-stream6-00017.m4s"}, {"index": 17, "start": 22.038918018341064, "end": 23.01138401031494, "quality": 5, "bitrate": 641379, "throughput": 563843.1309323516, "ratio": 1.0, "url": "http://server/chunk-stream5-00018.m4s"}, {"index": 18, "start": 23.011575937271118, "end": 23.969336986541748, "quality": 4, "bitrate": 988603, "throughput": 563009.1685835945, "ratio": 1.0, "url": "http://server/chunk-stream4-00019.m4s"}, {"index": 19, "start": 23.969543933868408, "end": 24.937681913375854, "quality": 4, "bitrate": 988603, "throughput": 560935.8926604087, "ratio": 1.0, "url": "http://server/chunk-stream4-00020.m4s"}, {"index": 20, "start": 24.937864065170288, "end": 26.413482904434204, "quality": 4, "bitrate": 988603, "throughput": 561236.0578438966, "ratio": 1.0, "url": "http://server/chunk-stream4-00021.m4s"}, {"index": 21, "start": 26.41368293762207, "end": 27.10058307647705, "quality": 4, "bitrate": 988603, "throughput": 596287.1715839612, "ratio": 1.0, "url": "http://server/chunk-stream4-00022.m4s"}, {"index": 22, "start": 27.100789070129395, "end": 27.768728971481323, "quality": 4, "bitrate": 988603, "throughput": 537038.8162154645, "ratio": 1.0, "url": "http://server/chunk-stream4-00023.m4s"}, {"index": 23, "start": 27.768913984298706, "end": 29.93224310874939, "quality": 4, "bitrate": 988603, "throughput": 503149.9087707973, "ratio": 1.0, "url": "http://server/chunk-stream4-00024.m4s"}], "num_stall": 2, "dur_stall": 5.20027494430542, "avg_bitrate": 744420.8333333334, "num_quality_switches": 10}