{"segments": [{"index": 0, "start": 0.5563709735870361, "end": 1.6357190608978271, "quality": 6, "bitrate": 391570, "throughput": 0, "ratio": 1.0, "url": "http://server/chunk-stream6-00001.m4s"}, {"index": 1, "start": 1.6359660625457764, "end": 2.0409369468688965, "quality": 6, "bitrate": 391570, "throughput": 360465.2407492914, "ratio": 1.0, "url": "http://server/chunk-stream6-00002.m4s"}, {"index": 2, "start": 2.041132926940918, "end": 2.8058431148529053, "quality": 5, "bitrate": 641379, "throughput": 319171.6874205802, "ratio": 1.0, "url": "http://server/chunk-stream5-00003.m4s"}, {"index": 3, "start": 2.806028127670288, "end": 3.982703924179077, "quality": 4, "bitrate": 988603, "throughput": 271018.4347309042, "ratio": 1.0, "url": "http://server/chunk-stream4-00004.m4s"}, {"index": 4, "start": 3.982927083969116, "end": 5.329463958740234, "quality": 4, "bitrate": 988603, "throughput": 348241.52135651093, "ratio": 1.0, "url": "http://server/chunk-stream4-00005.m4s"}, {"index": 5, "start": 5.329689979553223, "end": 6.783057928085327, "quality": 4, "bitrate": 988603, "throughput": 483498.2748045945, "ratio": 1.0, "url": "http://server/chunk-stream4-00006.m4s"}, {"index": 6, "start": 6.7832441329956055, "end": 7.770519971847534, "quality": 5, "bitrate": 641379, "throughput": 556526.8701051369, "ratio": 1.0, "url": "http://server/chunk-stream5-00007.m4s"}, {"index": 7, "start": 7.770751953125, "end": 8.839751958847046, "quality": 5, "bitrate": 641379, "throughput": 560704.9694121295, "ratio": 1.0, "url": "http://server/chunk-stream5-00008.m4s"}, {"index": 8, "start": 8.839959144592285, "end": 10.051051139831543, "quality": 5, "bitrate": 641379, "throughput": 570690.3504760561, "ratio": 1.0, "url": "http://server/chunk-stream5-00009.m4s"}, {"index": 9, "start": 10.051321983337402, "end": 11.351831912994385, "quality": 5, "bitrate": 641379, "throughput": 586418.1835535029, "ratio": 1.0, "url": "http://server/chunk-stream5-00010.m4s"}, {"index": 10, "start": 11.35208511352539, "end": 12.656201124191284, "quality": 5, "bitrate": 641379, "throughput": 599880.6802979393, "ratio": 1.0, "url": "http://server/chunk-stream5-00011.m4s"}, {"index": 11, "start": 12.656429052352905, "end": 14.23376202583313, "quality": 5, "bitrate": 641379, "throughput": 606672.4361725717, "ratio": 1.0, "url": "http://server/chunk-stream5-00012.m4s"}, {"index": 12, "start": 14.233931064605713, "end": 15.354954957962036, "quality": 6, "bitrate": 391570, "throughput": 623135.760645655, "ratio": 1.0, "url": "http://server/chunk-stream6-00013.m4s"}, {"index": 13, "start": 15.355229139328003, "end": 17.12647795677185, "quality": 5, "bitrate": 641379, "throughput": 606155.2641364108, "ratio": 1.0, "url": "http://server/chunk-stream5-00014.m4s"}, {"index": 14, "start": 17.126678943634033, "end": 19.651731967926025, "quality": 4, "bitrate": 988603, "throughput": 629992.7570330333, "ratio": 1.0, "url": "http://server/chunk-stream4-00015.m4s"}, {"index": 15, "start": 19.651977062225342, "end": 21.364320993423462, "quality": 5, "bitrate": 641379, "throughput": 658543.2343946968, "ratio": 1.0, "url": "http://server/chunk-stream5-00016.m4s"}, {"index": 16, "start": 21.36453413963318, "end": 22.040822982788086, "quality": 6, "bitrate": 391570, "throughput": 654156.371680278, "ratio": 1.0, "url": "http://server/chunk-stream6-00017.m4s"}, {"index": 17, "start": 22.04104995727539, "end": 23.013368129730225, "quality": 5, "bitrate": 641379, "throughput": 563865.1490605597, "ratio": 1.0, "url": "http://server/chunk-stream5-00018.m4s"}, {"index": 18, "start": 23.013585090637207, "end": 23.971259117126465, "quality": 4, "bitrate": 988603, "throughput": 563060.300726108, "ratio": 1.0, "url": "http://server/chunk-stream4-00019.m4s"}, {"index": 19, "start": 23.97147011756897, "end": 24.939729928970337, "quality": 4, "bitrate": 988603, "throughput": 560993.1196236024, "ratio": 1.0, "url": "http://server/chunk-stream4-00020.m4s"}, {"index": 20, "start": 24.939949989318848, "end": 26.41562008857727, "quality": 4, "bitrate": 988603, "throughput": 561247.2450517643, "ratio": 1.0, "url": "http://server/chunk-stream4-00021.m4s"}, {"index": 21, "start": 26.415812015533447, "end": 27.10250496864319, "quality": 4, "bitrate": 988603, "throughput": 596284.2459815191, "ratio": 1.0, "url": "http://server/chunk-stream4-00022.m4s"}, {"index": 22, "start": 27.10271406173706, "end": 27.770406007766724, "quality": 4, "bitrate": 988603, "throughput": 537115.5931595349, "ratio": 1.0, "url": "http://server/chunk-stream4-00023.m4s"}, {"index": 23, "start": 27.770559072494507, "end": 29.933769941329956, "quality": 4, "bitrate": 988603, "throughput": 503259.11081353895, "ratio": 1.0, "url": "http://server/chunk-stream4-00024.m4s"}], "num_stall": 2, "dur_stall": 5.201406002044678, "avg_bitrate": 744420.8333333334, "num_quality_switches": 10}