{"segments": [{"index": 0, "start": 0.053955793380737305, "end": 0.4032778739929199, "quality": 4, "bitrate": 988603, "throughput": 0, "ratio": 1.0, "url": "http://server/chunk-stream4-00001.m4s"}, {"index": 1, "start": 0.40350985527038574, "end": 0.8031368255615234, "quality": 5, "bitrate": 641379, "throughput": 713124.1226845325, "ratio": 1.0, "url": "http://server/chunk-stream5-00002.m4s"}, {"index": 2, "start": 0.8032410144805908, "end": 0.9838228225708008, "quality": 6, "bitrate": 391570, "throughput": 536820.0790293274, "ratio": 1.0, "url": "http://server/chunk-stream6-00003.m4s"}, {"index": 3, "start": 0.9840178489685059, "end": 1.2078449726104736, "quality": 6, "bitrate": 391570, "throughput": 606722.0587269799, "ratio": 1.0, "url": "http://server/chunk-stream6-00004.m4s"}, {"index": 4, "start": 1.2080039978027344, "end": 2.0798709392547607, "quality": 5, "bitrate": 641379, "throughput": 672475.1283249606, "ratio": 1.0, "url": "http://server/chunk-stream5-00005.m4s"}, {"index": 5, "start": 2.0800998210906982, "end": 2.4296209812164307, "quality": 6, "bitrate": 391570, "throughput": 588790.6886412064, "ratio": 1.0, "url": "http://server/chunk-stream6-00006.m4s"}, {"index": 6, "start": 2.4298319816589355, "end": 3.167742967605591, "quality": 5, "bitrate": 641379, "throughput": 668482.7763167964, "ratio": 1.0, "url": "http://server/chunk-stream5-00007.m4s"}, {"index": 7, "start": 3.1679468154907227, "end": 4.072930812835693, "quality": 5, "bitrate": 641379, "throughput": 712250.3268348863, "ratio": 1.0, "url": "http://server/chunk-stream5-00008.m4s"}, {"index": 8, "start": 4.073157787322998, "end": 5.125346899032593, "quality": 5, "bitrate": 641379, "throughput": 699090.5777994164, "ratio": 1.0, "url": "http://server/chunk-stream5-00009.m4s"}, {"index": 9, "start": 5.125574827194214, "end": 6.681103944778442, "quality": 5, "bitrate": 641379, "throughput": 696080.414956284, "ratio": 1.0, "url": "http://server/chunk-stream5-00010.m4s"}, {"index": 10, "start": 6.681302785873413, "end": 7.278926849365234, "quality": 6, "bitrate": 391570, "throughput": 604408.8748432562, "ratio": 1.0, "url": "http://server/chunk-stream6-00011.m4s"}, {"index": 11, "start": 7.279165983200073, "end": 8.692611932754517, "quality": 5, "bitrate": 641379, "throughput": 679565.3285919889, "ratio": 1.0, "url": "http://server/chunk-stream5-00012.m4s"}, {"index": 12, "start": 8.692914009094238, "end": 11.353763818740845, "quality": 5, "bitrate": 641379, "throughput": 696728.1420156751, "ratio": 1.0, "url": "http://server/chunk-stream5-00013.m4s"}, {"index": 13, "start": 11.353992938995361, "end": 12.450183868408203, "quality": 6, "bitrate": 391570, "throughput": 557696.6297939392, "ratio": 1.0, "url": "http://server/chunk-stream6-00014.m4s"}, {"index": 14, "start": 12.450332880020142, "end": 13.518754959106445, "quality": 6, "bitrate": 391570, "throughput": 597235.0081110094, "ratio": 1.0, "url": "http://server/chunk-stream6-00015.m4s"}, {"index": 15, "start": 13.518987894058228, "end": 14.664954900741577, "quality": 6, "bitrate": 391570, "throughput": 628389.2733583186, "ratio": 1.0, "url": "http://server/chunk-stream6-00016.m4s"}, {"index": 16, "start": 14.665150880813599, "end": 15.44730281829834, "quality": 6, "bitrate": 391570, "throughput": 613719.7024839548, "ratio": 1.0, "url": "http://server/chunk-stream6-00017.m4s"}, {"index": 17, "start": 15.447393894195557, "end": 15.992326021194458, "quality": 6, "bitrate": 391570, "throughput": 511570.4544710903, "ratio": 1.0, "url": "http://server/chunk-stream6-00018.m4s"}, {"index": 18, "start": 15.992479801177979, "end": 16.39998698234558, "quality": 6, "bitrate": 391570, "throughput": 576178.4527716314, "ratio": 1.0, "url": "http://server/chunk-stream6-00019.m4s"}, {"index": 19, "start": 16.400162935256958, "end": 16.804643869400024, "quality": 6, "bitrate": 391570, "throughput": 622677.8594355809, "ratio": 1.0, "url": "http://server/chunk-stream6-00020.m4s"}, {"index": 20, "start": 16.804719924926758, "end": 17.76707696914673, "quality": 5, "bitrate": 641379, "throughput": 647104.2312413598, "ratio": 1.0, "url": "http://server/chunk-stream5-00021.m4s"}, {"index": 21, "start": 17.767260789871216, "end": 18.1197509765625, "quality": 5, "bitrate": 641379, "throughput": 697721.7886540017, "ratio": 1.0, "url": "http://server/chunk-stream5-00022.m4s"}, {"index": 22, "start": 18.119921922683716, "end": 18.741684913635254, "quality": 5, "bitrate": 641379, "throughput": 704212.3870916383, "ratio": 1.0, "url": "http://server/chunk-stream5-00023.m4s"}, {"index": 23, "start": 18.74184489250183, "end": 19.687777996063232, "quality": 6, "bitrate": 391570, "throughput": 541545.5753415455, "ratio": 1.0, "url": "http://server/chunk-stream6-00024.m4s"}], "num_stall": 0, "dur_stall": 0, "avg_bitrate": 530942.1666666666, "num_quality_switches": 10}