{"segments": [{"index": 0, "start": 0.05434417724609375, "end": 0.610720157623291, "quality": 4, "bitrate": 988603, "throughput": 0, "ratio": 1.0, "url": "http://server/chunk-stream4-00001.m4s"}, {"index": 1, "start": 0.610957145690918, "end": 1.46396803855896, "quality": 6, "bitrate": 391570, "throughput": 631075.2428693599, "ratio": 1.0, "url": "http://server/chunk-stream6-00002.m4s"}, {"index": 2, "start": 1.4641690254211426, "end": 1.6282200813293457, "quality": 6, "bitrate": 391570, "throughput": 524008.9458401834, "ratio": 1.0, "url": "http://server/chunk-stream6-00003.m4s"}, {"index": 3, "start": 1.628291130065918, "end": 1.852018117904663, "quality": 6, "bitrate": 391570, "throughput": 627167.8436348449, "ratio": 1.0, "url": "http://server/chunk-stream6-00004.m4s"}, {"index": 4, "start": 1.8522841930389404, "end": 3.1100142002105713, "quality": 5, "bitrate": 641379, "throughput": 683048.9877954177, "ratio": 1.0, "url": "http://server/chunk-stream5-00005.m4s"}, {"index": 5, "start": 3.1100921630859375, "end": 3.756453037261963, "quality": 6, "bitrate": 391570, "throughput": 411000.8530187402, "ratio": 1.0, "url": "http://server/chunk-stream6-00006.m4s"}, {"index": 6, "start": 3.7565901279449463, "end": 4.181376218795776, "quality": 6, "bitrate": 391570, "throughput": 407687.99173651537, "ratio": 1.0, "url": "http://server/chunk-stream6-00007.m4s"}, {"index": 7, "start": 4.181453227996826, "end": 4.7952351570129395, "quality": 6, "bitrate": 391570, "throughput": 579507.0123797281, "ratio": 1.0, "url": "http://server/chunk-stream6-00008.m4s"}, {"index": 8, "start": 4.795445203781128, "end": 5.398635149002075, "quality": 6, "bitrate": 391570, "throughput": 576281.1254037279, "ratio": 1.0, "url": "http://server/chunk-stream6-00009.m4s"}, {"index": 9, "start": 5.398711204528809, "end": 6.241109132766724, "quality": 6, "bitrate": 391570, "throughput": 626662.4532790398, "ratio": 1.0, "url": "http://server/chunk-stream6-00010.m4s"}, {"index": 10, "start": 6.241164207458496, "end": 7.440359115600586, "quality": 6, "bitrate": 391570, "throughput": 587032.885869853, "ratio": 1.0, "url": "http://server/chunk-stream6-00011.m4s"}, {"index": 11, "start": 7.440450191497803, "end": 8.3610360622406, "quality": 6, "bitrate": 391570, "throughput": 481522.2168687323, "ratio": 1.0, "url": "http://server/chunk-stream6-00012.m4s"}, {"index": 12, "start": 8.361240148544312, "end": 9.44836711883545, "quality": 6, "bitrate": 391570, "throughput": 550943.9206024755, "ratio": 1.0, "url": "http://server/chunk-stream6-00013.m4s"}, {"index": 13, "start": 9.448813199996948, "end": 10.36982011795044, "quality": 6, "bitrate": 391570, "throughput": 579264.1234736028, "ratio": 1.0, "url": "http://server/chunk-stream6-00014.m4s"}, {"index": 14, "start": 10.369965076446533, "end": 12.027266025543213, "quality": 5, "bitrate": 641379, "throughput": 668634.4538230485, "ratio": 1.0, "url": "http://server/chunk-stream5-00015.m4s"}, {"index": 15, "start": 12.027355194091797, "end": 13.776823997497559, "quality": 5, "bitrate": 641379, "throughput": 686889.0578702376, "ratio": 1.0, "url": "http://server/chunk-stream5-00016.m4s"}, {"index": 16, "start": 13.777027130126953, "end": 14.40938401222229, "quality": 5, "bitrate": 641379, "throughput": 661447.5498388617, "ratio": 1.0, "url": "http://server/chunk-stream5-00017.m4s"}, {"index": 17, "start": 14.409623146057129, "end": 15.132553100585938, "quality": 5, "bitrate": 641379, "throughput": 708121.8032963194, "ratio": 1.0, "url": "http://server/chunk-stream5-00018.m4s"}, {"index": 18, "start": 15.13264799118042, "end": 16.68161106109619, "quality": 5, "bitrate": 641379, "throughput": 732144.2932004957, "ratio": 1.0, "url": "http://server/chunk-stream5-00019.m4s"}, {"index": 19, "start": 16.681819200515747, "end": 17.33326506614685, "quality": 6, "bitrate": 391570, "throughput": 494765.24262039067, "ratio": 1.0, "url": "http://server/chunk-stream6-00020.m4s"}, {"index": 20, "start": 17.333322048187256, "end": 20.822066068649292, "quality": 6, "bitrate": 391570, "throughput": 455847.0439862716, "ratio": 1.0, "url": "http://server/chunk-stream6-00021.m4s"}, {"index": 21, "start": 20.822277069091797, "end": 21.12259006500244, "quality": 6, "bitrate": 391570, "throughput": 306402.8859010549, "ratio": 1.0, "url": "http://server/chunk-stream6-00022.m4s"}, {"index": 22, "start": 21.12279510498047, "end": 21.348950147628784, "quality": 6, "bitrate": 391570, "throughput": 445689.5141247463, "ratio": 1.0, "url": "http://server/chunk-stream6-00023.m4s"}, {"index": 23, "start": 21.34913921356201, "end": 22.81884503364563, "quality": 6, "bitrate": 391570, "throughput": 591196.3962696675, "ratio": 1.0, "url": "http://server/chunk-stream6-00024.m4s"}], "num_stall": 0, "dur_stall": 0, "avg_bitrate": 478898.625, "num_quality_switches": 5}