{"segments": [{"index": 0, "start": 0.054444074630737305, "end": 1.4555981159210205, "quality": 4, "bitrate": 988603, "throughput": 0, "ratio": 1.0, "url": "http://server/chunk-stream4-00001.m4s"}, {"index": 1, "start": 1.4557130336761475, "end": 1.684035062789917, "quality": 6, "bitrate": 391570, "throughput": 576535.9830739454, "ratio": 1.0, "url": "http://server/chunk-stream6-00002.m4s"}, {"index": 2, "start": 1.684149980545044, "end": 1.9059839248657227, "quality": 6, "bitrate": 391570, "throughput": 484862.0450675852, "ratio": 1.0, "url": "http://server/chunk-stream6-00003.m4s"}, {"index": 3, "start": 1.906217098236084, "end": 2.1304471492767334, "quality": 6, "bitrate": 391570, "throughput": 512543.13354558113, "ratio": 1.0, "url": "http://server/chunk-stream6-00004.m4s"}, {"index": 4, "start": 2.1306140422821045, "end": 2.527527093887329, "quality": 6, "bitrate": 391570, "throughput": 624640.6495235891, "ratio": 1.0, "url": "http://server/chunk-stream6-00005.m4s"}, {"index": 5, "start": 2.5276060104370117, "end": 3.5149779319763184, "quality": 5, "bitrate": 641379, "throughput": 645648.3050248852, "ratio": 1.0, "url": "http://server/chunk-stream5-00006.m4s"}, {"index": 6, "start": 3.5151469707489014, "end": 4.190017938613892, "quality": 6, "bitrate": 391570, "throughput": 532936.3003173269, "ratio": 1.0, "url": "http://server/chunk-stream6-00007.m4s"}, {"index": 7, "start": 4.190237045288086, "end": 4.87493109703064, "quality": 6, "bitrate": 391570, "throughput": 502934.1479400466, "ratio": 1.0, "url": "http://server/chunk-stream6-00008.m4s"}, {"index": 8, "start": 4.875115156173706, "end": 5.7152259349823, "quality": 6, "bitrate": 391570, "throughput": 508347.32014856744, "ratio": 1.0, "url": "http://server/chunk-stream6-00009.m4s"}, {"index": 9, "start": 5.715429067611694, "end": 6.326914072036743, "quality": 6, "bitrate": 391570, "throughput": 497252.0722633549, "ratio": 1.0, "url": "http://server/chunk-stream6-00010.m4s"}, {"index": 10, "start": 6.327106952667236, "end": 7.264430046081543, "quality": 6, "bitrate": 391570, "throughput": 625762.6299806708, "ratio": 1.0, "url": "http://server/chunk-stream6-00011.m4s"}, {"index": 11, "start": 7.264614105224609, "end": 8.584317922592163, "quality": 6, "bitrate": 391570, "throughput": 553445.0330857595, "ratio": 1.0, "url": "http://server/chunk-stream6-00012.m4s"}, {"index": 12, "start": 8.584466934204102, "end": 9.987697124481201, "quality": 6, "bitrate": 391570, "throughput": 493059.9683402403, "ratio": 1.0, "url": "http://server/chunk-stream6-00013.m4s"}, {"index": 13, "start": 9.987910985946655, "end": 12.964755058288574, "quality": 6, "bitrate": 391570, "throughput": 481870.10144712945, "ratio": 1.0, "url": "http://server/chunk-stream6-00014.m4s"}, {"index": 14, "start": 12.964967012405396, "end": 13.895241975784302, "quality": 6, "bitrate": 391570, "throughput": 358174.3274986435, "ratio": 1.0, "url": "http://server/chunk-stream6-00015.m4s"}, {"index": 15, "start": 13.895452976226807, "end": 16.325502157211304, "quality": 6, "bitrate": 391570, "throughput": 557876.0742937977, "ratio": 1.0, "url": "http://server/chunk-stream6-00016.m4s"}, {"index": 16, "start": 16.325740098953247, "end": 16.795262098312378, "quality": 6, "bitrate": 391570, "throughput": 420176.4099701267, "ratio": 1.0, "url": "http://server/chunk-stream6-00017.m4s"}, {"index": 17, "start": 16.79550004005432, "end": 17.3079891204834, "quality": 6, "bitrate": 391570, "throughput": 551197.0429535016, "ratio": 1.0, "url": "http://server/chunk-stream6-00018.m4s"}, {"index": 18, "start": 17.308069944381714, "end": 17.71696710586548, "quality": 6, "bitrate": 391570, "throughput": 616275.8760017098, "ratio": 1.0, "url": "http://server/chunk-stream6-00019.m4s"}, {"index": 19, "start": 17.71711015701294, "end": 18.27721095085144, "quality": 5, "bitrate": 641379, "throughput": 641577.0274035227, "ratio": 1.0, "url": "http://server/chunk-stream5-00020.m4s"}, {"index": 20, "start": 18.277410984039307, "end": 19.226206064224243, "quality": 5, "bitrate": 641379, "throughput": 698259.4959318887, "ratio": 1.0, "url": "http://server/chunk-stream5-00021.m4s"}, {"index": 21, "start": 19.226299047470093, "end": 19.561306953430176, "quality": 5, "bitrate": 641379, "throughput": 728646.7617506767, "ratio": 1.0, "url": "http://server/chunk-stream5-00022.m4s"}, {"index": 22, "start": 19.561424016952515, "end": 19.87701106071472, "quality": 5, "bitrate": 641379, "throughput": 738123.6463815555, "ratio": 1.0, "url": "http://server/chunk-stream5-00023.m4s"}, {"index": 23, "start": 19.877097129821777, "end": 21.29128408432007, "quality": 5, "bitrate": 641379, "throughput": 742347.296572038, "ratio": 1.0, "url": "http://server/chunk-stream5-00024.m4s"}], "num_stall": 0, "dur_stall": 0, "avg_bitrate": 478898.625, "num_quality_switches": 4}