{"segments": [{"index": 0, "start": 0.5563020706176758, "end": 1.6999239921569824, "quality": 5, "bitrate": 641379, "throughput": 0, "ratio": 1.0, "url": "http://server/chunk-stream5-00001.m4s"}, {"index": 1, "start": 1.7001519203186035, "end": 2.3712310791015625, "quality": 6, "bitrate": 391570, "throughput": 388760.7674069732, "ratio": 1.0, "url": "http://server/chunk-stream6-00002.m4s"}, {"index": 2, "start": 2.3714210987091064, "end": 2.7856850624084473, "quality": 6, "bitrate": 391570, "throughput": 242809.60130280023, "ratio": 1.0, "url": "http://server/chunk-stream6-00003.m4s"}, {"index": 3, "start": 2.7859280109405518, "end": 3.259860038757324, "quality": 6, "bitrate": 391570, "throughput": 265992.0848451493, "ratio": 1.0, "url": "http://server/chunk-stream6-00004.m4s"}, {"index": 4, "start": 3.2600760459899902, "end": 3.863517999649048, "quality": 6, "bitrate": 391570, "throughput": 307269.7711771289, "ratio": 1.0, "url": "http://server/chunk-stream6-00005.m4s"}, {"index": 5, "start": 3.863706111907959, "end": 4.46264910697937, "quality": 6, "bitrate": 391570, "throughput": 372903.3775799574, "ratio": 1.0, "url": "http://server/chunk-stream6-00006.m4s"}, {"index": 6, "start": 4.462770938873291, "end": 5.137399911880493, "quality": 6, "bitrate": 391570, "throughput": 404627.2801066037, "ratio": 1.0, "url": "http://server/chunk-stream6-00007.m4s"}, {"index": 7, "start": 5.13758111000061, "end": 5.85514497756958, "quality": 6, "bitrate": 391570, "throughput": 438863.14976591815, "ratio": 1.0, "url": "http://server/chunk-stream6-00008.m4s"}, {"index": 8, "start": 5.8554089069366455, "end": 6.64771294593811, "quality": 6, "bitrate": 391570, "throughput": 464522.67391900433, "ratio": 1.0, "url": "http://server/chunk-stream6-00009.m4s"}, {"index": 9, "start": 6.6479411125183105, "end": 7.508955001831055, "quality": 6, "bitrate": 391570, "throughput": 490025.9694885636, "ratio": 1.0, "url": "http://server/chunk-stream6-00010.m4s"}, {"index": 10, "start": 7.509788990020752, "end": 8.356933116912842, "quality": 6, "bitrate": 391570, "throughput": 512930.44684064126, "ratio": 1.0, "url": "http://server/chunk-stream6-00011.m4s"}, {"index": 11, "start": 8.357125043869019, "end": 9.361562967300415, "quality": 6, "bitrate": 391570, "throughput": 522643.9905452512, "ratio": 1.0, "url": "http://server/chunk-stream6-00012.m4s"}, {"index": 12, "start": 9.361742973327637, "end": 10.483071088790894, "quality": 6, "bitrate": 391570, "throughput": 545588.5527399287, "ratio": 1.0, "url": "http://server/chunk-stream6-00013.m4s"}, {"index": 13, "start": 10.483299016952515, "end": 11.653738975524902, "quality": 6, "bitrate": 391570, "throughput": 567325.5226428143, "ratio": 1.0, "url": "http://server/chunk-stream6-00014.m4s"}, {"index": 14, "start": 11.65391993522644, "end": 12.832585096359253, "quality": 6, "bitrate": 391570, "throughput": 581884.08754296, "ratio": 1.0, "url": "http://server/chunk-stream6-00015.m4s"}, {"index": 15, "start": 12.832762956619263, "end": 13.988107919692993, "quality": 6, "bitrate": 391570, "throughput": 589877.8379579453, "ratio": 1.0, "url": "http://server/chunk-stream6-00016.m4s"}, {"index": 16, "start": 13.98832392692566, "end": 14.665004968643188, "quality": 6, "bitrate": 391570, "throughput": 592060.0800893258, "ratio": 1.0, "url": "http://server/chunk-stream6-00017.m4s"}, {"index": 17, "start": 14.665276050567627, "end": 15.380007982254028, "quality": 6, "bitrate": 391570, "throughput": 532710.0854985514, "ratio": 1.0, "url": "http://server/chunk-stream6-00018.m4s"}, {"index": 18, "start": 15.3801851272583, "end": 15.99472188949585, "quality": 6, "bitrate": 391570, "throughput": 510644.70641344634, "ratio": 1.0, "url": "http://server/chunk-stream6-00019.m4s"}, {"index": 19, "start": 15.994903087615967, "end": 16.60775589942932, "quality": 6, "bitrate": 391570, "throughput": 477155.3740355371, "ratio": 1.0, "url": "http://server/chunk-stream6-00020.m4s"}, {"index": 20, "start": 16.607945919036865, "end": 17.58198094367981, "quality": 6, "bitrate": 391570, "throughput": 460194.40465197165, "ratio": 1.0, "url": "http://server/chunk-stream6-00021.m4s"}, {"index": 21, "start": 17.58220410346985, "end": 18.070171117782593, "quality": 6, "bitrate": 391570, "throughput": 511230.73941258196, "ratio": 1.0, "url": "http://server/chunk-stream6-00022.m4s"}, {"index": 22, "start": 18.070382118225098, "end": 18.546236991882324, "quality": 6, "bitrate": 391570, "throughput": 435569.5141564872, "ratio": 1.0, "url": "http://server/chunk-stream6-00023.m4s"}, {"index": 23, "start": 18.5464448928833, "end": 19.658337116241455, "quality": 6, "bitrate": 391570, "throughput": 392774.76062833716, "ratio": 1.0, "url": "http://server/chunk-stream6-00024.m4s"}], "num_stall": 0, "dur_stall": 0, "avg_bitrate": 401978.7083333333, "num_quality_switches": 1}