{"segments": [{"index": 0, "start": 0.5574560165405273, "end": 1.7000060081481934, "quality": 5, "bitrate": 641379, "throughput": 0, "ratio": 1.0, "url": "http://server/chunk-stream5-00001.m4s"}, {"index": 1, "start": 1.700200080871582, "end": 2.372344970703125, "quality": 6, "bitrate": 391570, "throughput": 388816.7157409367, "ratio": 1.0, "url": "http://server/chunk-stream6-00002.m4s"}, {"index": 2, "start": 2.372570037841797, "end": 2.7875850200653076, "quality": 6, "bitrate": 391570, "throughput": 242613.6266869891, "ratio": 1.0, "url": "http://server/chunk-stream6-00003.m4s"}, {"index": 3, "start": 2.7877840995788574, "end": 3.2617859840393066, "quality": 6, "bitrate": 391570, "throughput": 265642.8577643848, "ratio": 1.0, "url": "http://server/chunk-stream6-00004.m4s"}, {"index": 4, "start": 3.26202392578125, "end": 3.865457057952881, "quality": 6, "bitrate": 391570, "throughput": 307059.02284221107, "ratio": 1.0, "url": "http://server/chunk-stream6-00005.m4s"}, {"index": 5, "start": 3.865691900253296, "end": 4.465039968490601, "quality": 6, "bitrate": 391570, "throughput": 372814.99134862644, "ratio": 1.0, "url": "http://server/chunk-stream6-00006.m4s"}, {"index": 6, "start": 4.465246915817261, "end": 5.1401660442352295, "quality": 6, "bitrate": 391570, "throughput": 404476.20409989136, "ratio": 1.0, "url": "http://server/chunk-stream6-00007.m4s"}, {"index": 7, "start": 5.140340089797974, "end": 5.857764959335327, "quality": 6, "bitrate": 391570, "throughput": 438704.60122847615, "ratio": 1.0, "url": "http://server/chunk-stream6-00008.m4s"}, {"index": 8, "start": 5.8579230308532715, "end": 6.649449110031128, "quality": 6, "bitrate": 391570, "throughput": 464454.4797769823, "ratio": 1.0, "url": "http://server/chunk-stream6-00009.m4s"}, {"index": 9, "start": 6.649574041366577, "end": 7.509557008743286, "quality": 6, "bitrate": 391570, "throughput": 490209.3213894155, "ratio": 1.0, "url": "http://server/chunk-stream6-00010.m4s"}, {"index": 10, "start": 7.509696006774902, "end": 8.356473922729492, "quality": 6, "bitrate": 391570, "throughput": 513238.0914959983, "ratio": 1.0, "url": "http://server/chunk-stream6-00011.m4s"}, {"index": 11, "start": 8.356714010238647, "end": 9.361159086227417, "quality": 6, "bitrate": 391570, "throughput": 522932.8375096558, "ratio": 1.0, "url": "http://server/chunk-stream6-00012.m4s"}, {"index": 12, "start": 9.361345052719116, "end": 10.48322606086731, "quality": 6, "bitrate": 391570, "throughput": 545728.7242285642, "ratio": 1.0, "url": "http://server/chunk-stream6-00013.m4s"}, {"index": 13, "start": 10.483505010604858, "end": 11.653693914413452, "quality": 6, "bitrate": 391570, "throughput": 567268.3757115619, "ratio": 1.0, "url": "http://server/chunk-stream6-00014.m4s"}, {"index": 14, "start": 11.653809070587158, "end": 12.831806898117065, "quality": 6, "bitrate": 391570, "throughput": 581897.3859164361, "ratio": 1.0, "url": "http://server/chunk-stream6-00015.m4s"}, {"index": 15, "start": 12.831988096237183, "end": 13.987061977386475, "quality": 6, "bitrate": 391570, "throughput": 590016.2829650235, "ratio": 1.0, "url": "http://server/chunk-stream6-00016.m4s"}, {"index": 16, "start": 13.987246036529541, "end": 14.663366079330444, "quality": 6, "bitrate": 391570, "throughput": 592204.5748264026, "ratio": 1.0, "url": "http://server/chunk-stream6-00017.m4s"}, {"index": 17, "start": 14.663527011871338, "end": 15.377748012542725, "quality": 6, "bitrate": 391570, "throughput": 532939.4459756945, "ratio": 1.0, "url": "http://server/chunk-stream6-00018.m4s"}, {"index": 18, "start": 15.377999067306519, "end": 15.992347002029419, "quality": 6, "bitrate": 391570, "throughput": 510942.193379972, "ratio": 1.0, "url": "http://server/chunk-stream6-00019.m4s"}, {"index": 19, "start": 15.99257206916809, "end": 16.605360984802246, "quality": 6, "bitrate": 391570, "throughput": 477395.49287882354, "ratio": 1.0, "url": "http://server/chunk-stream6-00020.m4s"}, {"index": 20, "start": 16.605544090270996, "end": 17.578953981399536, "quality": 6, "bitrate": 391570, "throughput": 460330.2476036438, "ratio": 1.0, "url": "http://server/chunk-stream6-00021.m4s"}, {"index": 21, "start": 17.57911992073059, "end": 18.06650710105896, "quality": 6, "bitrate": 391570, "throughput": 511474.42173471383, "ratio": 1.0, "url": "http://server/chunk-stream6-00022.m4s"}, {"index": 22, "start": 18.066708087921143, "end": 18.542176008224487, "quality": 6, "bitrate": 391570, "throughput": 435887.7303799447, "ratio": 1.0, "url": "http://server/chunk-stream6-00023.m4s"}, {"index": 23, "start": 18.542414903640747, "end": 19.654404878616333, "quality": 6, "bitrate": 391570, "throughput": 393070.6428467348, "ratio": 1.0, "url": "http://server/chunk-stream6-00024.m4s"}], "num_stall": 0, "dur_stall": 0, "avg_bitrate": 401978.7083333333, "num_quality_switches": 1}