{"segments": [{"index": 0, "start": 0.5575430393218994, "end": 1.7001149654388428, "quality": 5, "bitrate": 641379, "throughput": 0, "ratio": 1.0, "url": "http://server/chunk-stream5-00001.m4s"}, {"index": 1, "start": 1.7003581523895264, "end": 2.372852087020874, "quality": 6, "bitrate": 391570, "throughput": 388791.00625170406, "ratio": 1.0, "url": "http://server/chunk-stream6-00002.m4s"}, {"index": 2, "start": 2.3730549812316895, "end": 2.787706136703491, "quality": 6, "bitrate": 391570, "throughput": 242486.36221365523, "ratio": 1.0, "url": "http://server/chunk-stream6-00003.m4s"}, {"index": 3, "start": 2.788241147994995, "end": 3.2624990940093994, "quality": 6, "bitrate": 391570, "throughput": 265783.35884137015, "ratio": 1.0, "url": "http://server/chunk-stream6-00004.m4s"}, {"index": 4, "start": 3.2627601623535156, "end": 3.866185188293457, "quality": 6, "bitrate": 391570, "throughput": 307044.5206912529, "ratio": 1.0, "url": "http://server/chunk-stream6-00005.m4s"}, {"index": 5, "start": 3.866356134414673, "end": 4.465984106063843, "quality": 6, "bitrate": 391570, "throughput": 372799.1593029498, "ratio": 1.0, "url": "http://server/chunk-stream6-00006.m4s"}, {"index": 6, "start": 4.46626615524292, "end": 5.141335964202881, "quality": 6, "bitrate": 391570, "throughput": 404377.9838299595, "ratio": 1.0, "url": "http://server/chunk-stream6-00007.m4s"}, {"index": 7, "start": 5.141524076461792, "end": 5.859133958816528, "quality": 6, "bitrate": 391570, "throughput": 438598.4290369371, "ratio": 1.0, "url": "http://server/chunk-stream6-00008.m4s"}, {"index": 8, "start": 5.859317064285278, "end": 6.650827169418335, "quality": 6, "bitrate": 391570, "throughput": 464362.4547213147, "ratio": 1.0, "url": "http://server/chunk-stream6-00009.m4s"}, {"index": 9, "start": 6.651019096374512, "end": 7.511554002761841, "quality": 6, "bitrate": 391570, "throughput": 490177.9998858529, "ratio": 1.0, "url": "http://server/chunk-stream6-00010.m4s"}, {"index": 10, "start": 7.511775016784668, "end": 8.35879397392273, "quality": 6, "bitrate": 391570, "throughput": 513095.9424395873, "ratio": 1.0, "url": "http://server/chunk-stream6-00011.m4s"}, {"index": 11, "start": 8.359003067016602, "end": 9.363415956497192, "quality": 6, "bitrate": 391570, "throughput": 522766.1594788249, "ratio": 1.0, "url": "http://server/chunk-stream6-00012.m4s"}, {"index": 12, "start": 9.363630056381226, "end": 10.485121965408325, "quality": 6, "bitrate": 391570, "throughput": 545656.791641692, "ratio": 1.0, "url": "http://server/chunk-stream6-00013.m4s"}, {"index": 13, "start": 10.485345125198364, "end": 11.65589714050293, "quality": 6, "bitrate": 391570, "throughput": 567308.535445476, "ratio": 1.0, "url": "http://server/chunk-stream6-00014.m4s"}, {"index": 14, "start": 11.656219959259033, "end": 12.834802150726318, "quality": 6, "bitrate": 391570, "throughput": 581855.4218705036, "ratio": 1.0, "url": "http://server/chunk-stream6-00015.m4s"}, {"index": 15, "start": 12.835031032562256, "end": 13.990362167358398, "quality": 6, "bitrate": 391570, "throughput": 589877.7199246843, "ratio": 1.0, "url": "http://server/chunk-stream6-00016.m4s"}, {"index": 16, "start": 13.990564107894897, "end": 14.666960954666138, "quality": 6, "bitrate": 391570, "throughput": 592064.5596379519, "ratio": 1.0, "url": "http://server/chunk-stream6-00017.m4s"}, {"index": 17, "start": 14.667174100875854, "end": 15.381416082382202, "quality": 6, "bitrate": 391570, "throughput": 532779.1688614358, "ratio": 1.0, "url": "http://server/chunk-stream6-00018.m4s"}, {"index": 18, "start": 15.381632089614868, "end": 15.995774984359741, "quality": 6, "bitrate": 391570, "throughput": 510842.8721565359, "ratio": 1.0, "url": "http://server/chunk-stream6-00019.m4s"}, {"index": 19, "start": 15.995958089828491, "end": 16.60914897918701, "quality": 6, "bitrate": 391570, "throughput": 477398.05593632924, "ratio": 1.0, "url": "http://server/chunk-stream6-00020.m4s"}, {"index": 20, "start": 16.609375953674316, "end": 17.58305311203003, "quality": 6, "bitrate": 391570, "throughput": 460204.7207105317, "ratio": 1.0, "url": "http://server/chunk-stream6-00021.m4s"}, {"index": 21, "start": 17.58328914642334, "end": 18.07059407234192, "quality": 6, "bitrate": 391570, "throughput": 511343.8624061029, "ratio": 1.0, "url": "http://server/chunk-stream6-00022.m4s"}, {"index": 22, "start": 18.070680141448975, "end": 18.54569911956787, "quality": 6, "bitrate": 391570, "throughput": 435833.64730758313, "ratio": 1.0, "url": "http://server/chunk-stream6-00023.m4s"}, {"index": 23, "start": 18.545933961868286, "end": 19.657389163970947, "quality": 6, "bitrate": 391570, "throughput": 393187.7172270564, "ratio": 1.0, "url": "http://server/chunk-stream6-00024.m4s"}], "num_stall": 0, "dur_stall": 0, "avg_bitrate": 401978.7083333333, "num_quality_switches": 1}