{"segments": [{"index": 0, "start": 1.0560390949249268, "end": 3.1988279819488525, "quality": 5, "bitrate": 641379, "throughput": 0, "ratio": 1.0, "url": "http://server/chunk-stream5-00001.m4s"}, {"index": 1, "start": 3.199064016342163, "end": 4.370516061782837, "quality": 6, "bitrate": 391570, "throughput": 326801.05601080647, "ratio": 1.0, "url": "http://server/chunk-stream6-00002.m4s"}, {"index": 2, "start": 4.3707029819488525, "end": 5.035247087478638, "quality": 6, "bitrate": 391570, "throughput": 170978.16999151034, "ratio": 1.0, "url": "http://server/chunk-stream6-00003.m4s"}, {"index": 3, "start": 5.035459995269775, "end": 5.759639024734497, "quality": 6, "bitrate": 391570, "throughput": 175601.02913957278, "ratio": 1.0, "url": "http://server/chunk-stream6-00004.m4s"}, {"index": 4, "start": 5.759850025177002, "end": 6.613377094268799, "quality": 6, "bitrate": 391570, "throughput": 201826.96329858684, "ratio": 1.0, "url": "http://server/chunk-stream6-00005.m4s"}, {"index": 5, "start": 6.6135759353637695, "end": 7.463046073913574, "quality": 6, "bitrate": 391570, "throughput": 255925.22980593605, "ratio": 1.0, "url": "http://server/chunk-stream6-00006.m4s"}, {"index": 6, "start": 7.463248014450073, "end": 8.388061046600342, "quality": 6, "bitrate": 391570, "throughput": 281800.0974514071, "ratio": 1.0, "url": "http://server/chunk-stream6-00007.m4s"}, {"index": 7, "start": 8.38825011253357, "end": 9.355659008026123, "quality": 6, "bitrate": 391570, "throughput": 313453.6342720915, "ratio": 1.0, "url": "http://server/chunk-stream6-00008.m4s"}, {"index": 8, "start": 9.355890989303589, "end": 10.398056030273438, "quality": 6, "bitrate": 391570, "throughput": 338495.6172894792, "ratio": 1.0, "url": "http://server/chunk-stream6-00009.m4s"}, {"index": 9, "start": 10.398359060287476, "end": 11.508917093276978, "quality": 6, "bitrate": 391570, "throughput": 365215.9516884042, "ratio": 1.0, "url": "http://server/chunk-stream6-00010.m4s"}, {"index": 10, "start": 11.509099006652832, "end": 12.606264114379883, "quality": 6, "bitrate": 391570, "throughput": 390246.4310278472, "ratio": 1.0, "url": "http://server/chunk-stream6-00011.m4s"}, {"index": 11, "start": 12.60647201538086, "end": 13.860739946365356, "quality": 6, "bitrate": 391570, "throughput": 400637.6979611084, "ratio": 1.0, "url": "http://server/chunk-stream6-00012.m4s"}, {"index": 12, "start": 13.860996007919312, "end": 15.232376098632812, "quality": 6, "bitrate": 391570, "throughput": 427960.12565063697, "ratio": 1.0, "url": "http://server/chunk-stream6-00013.m4s"}, {"index": 13, "start": 15.232588052749634, "end": 16.65294313430786, "quality": 6, "bitrate": 391570, "throughput": 454801.24740585394, "ratio": 1.0, "url": "http://server/chunk-stream6-00014.m4s"}, {"index": 14, "start": 16.65311098098755, "end": 18.081641912460327, "quality": 6, "bitrate": 391570, "throughput": 473133.927841064, "ratio": 1.0, "url": "http://server/chunk-stream6-00015.m4s"}, {"index": 15, "start": 18.081857919692993, "end": 19.487365007400513, "quality": 6, "bitrate": 391570, "throughput": 483200.7762327711, "ratio": 1.0, "url": "http://server/chunk-stream6-00016.m4s"}, {"index": 16, "start": 19.487558126449585, "end": 20.413989067077637, "quality": 6, "bitrate": 391570, "throughput": 485825.1114007173, "ratio": 1.0, "url": "http://server/chunk-stream6-00017.m4s"}, {"index": 17, "start": 20.41418194770813, "end": 21.37854504585266, "quality": 6, "bitrate": 391570, "throughput": 415746.3953632664, "ratio": 1.0, "url": "http://server/chunk-stream6-00018.m4s"}, {"index": 18, "start": 21.378777027130127, "end": 22.24286413192749, "quality": 6, "bitrate": 391570, "throughput": 388917.3216342839, "ratio": 1.0, "url": "http://server/chunk-stream6-00019.m4s"}, {"index": 19, "start": 22.243035078048706, "end": 23.106152057647705, "quality": 6, "bitrate": 391570, "throughput": 352219.5426899382, "ratio": 1.0, "url": "http://server/chunk-stream6-00020.m4s"}, {"index": 20, "start": 23.106364011764526, "end": 24.330158948898315, "quality": 6, "bitrate": 391570, "throughput": 333452.37506492273, "ratio": 1.0, "url": "http://server/chunk-stream6-00021.m4s"}, {"index": 21, "start": 24.330413103103638, "end": 25.06811809539795, "quality": 6, "bitrate": 391570, "throughput": 390481.115121237, "ratio": 1.0, "url": "http://server/chunk-stream6-00022.m4s"}, {"index": 22, "start": 25.06828999519348, "end": 25.793735027313232, "quality": 6, "bitrate": 391570, "throughput": 314249.1761039089, "ratio": 1.0, "url": "http://server/chunk-stream6-00023.m4s"}, {"index": 23, "start": 25.79394006729126, "end": 27.155570030212402, "quality": 6, "bitrate": 391570, "throughput": 271881.31378786545, "ratio": 1.0, "url": "http://server/chunk-stream6-00024.m4s"}], "num_stall": 0, "dur_stall": 0, "avg_bitrate": 401978.7083333333, "num_quality_switches": 1}