{"segments": [{"index": 0, "start": 1.0716660022735596, "end": 3.2143499851226807, "quality": 5, "bitrate": 641379, "throughput": 0, "ratio": 1.0, "url": "http://server/chunk-stream5-00001.m4s"}, {"index": 1, "start": 3.2146389484405518, "end": 4.386352062225342, "quality": 6, "bitrate": 391570, "throughput": 326791.7184579299, "ratio": 1.0, "url": "http://server/chunk-stream6-00002.m4s"}, {"index": 2, "start": 4.386588096618652, "end": 5.05095100402832, "quality": 6, "bitrate": 391570, "throughput": 170963.2517280477, "ratio": 1.0, "url": "http://server/chunk-stream6-00003.m4s"}, {"index": 3, "start": 5.051140069961548, "end": 5.774888038635254, "quality": 6, "bitrate": 391570, "throughput": 175620.80663985276, "ratio": 1.0, "url": "http://server/chunk-stream6-00004.m4s"}, {"index": 4, "start": 5.775084972381592, "end": 6.628490924835205, "quality": 6, "bitrate": 391570, "throughput": 201894.45268308287, "ratio": 1.0, "url": "http://server/chunk-stream6-00005.m4s"}, {"index": 5, "start": 6.628645896911621, "end": 7.477972030639648, "quality": 6, "bitrate": 391570, "throughput": 255973.3993817545, "ratio": 1.0, "url": "http://server/chunk-stream6-00006.m4s"}, {"index": 6, "start": 7.47816801071167, "end": 8.403216123580933, "quality": 6, "bitrate": 391570, "throughput": 281847.81034910755, "ratio": 1.0, "url": "http://server/chunk-stream6-00007.m4s"}, {"index": 7, "start": 8.40341591835022, "end": 9.37105393409729, "quality": 6, "bitrate": 391570, "throughput": 313432.20366973383, "ratio": 1.0, "url": "http://server/chunk-stream6-00008.m4s"}, {"index": 8, "start": 9.371301889419556, "end": 10.413074970245361, "quality": 6, "bitrate": 391570, "throughput": 338446.77712920436, "ratio": 1.0, "url": "http://server/chunk-stream6-00009.m4s"}, {"index": 9, "start": 10.413284063339233, "end": 11.523875951766968, "quality": 6, "bitrate": 391570, "throughput": 365239.66692070133, "ratio": 1.0, "url": "http://server/chunk-stream6-00010.m4s"}, {"index": 10, "start": 11.52405595779419, "end": 12.621001958847046, "quality": 6, "bitrate": 391570, "throughput": 390268.49959573837, "ratio": 1.0, "url": "http://server/chunk-stream6-00011.m4s"}, {"index": 11, "start": 12.621191024780273, "end": 13.87535810470581, "quality": 6, "bitrate": 391570, "throughput": 400685.1448416745, "ratio": 1.0, "url": "http://server/chunk-stream6-00012.m4s"}, {"index": 12, "start": 13.875586986541748, "end": 15.24677300453186, "quality": 6, "bitrate": 391570, "throughput": 428002.76497106464, "ratio": 1.0, "url": "http://server/chunk-stream6-00013.m4s"}, {"index": 13, "start": 15.247009038925171, "end": 16.66756296157837, "quality": 6, "bitrate": 391570, "throughput": 454840.6598586964, "ratio": 1.0, "url": "http://server/chunk-stream6-00014.m4s"}, {"index": 14, "start": 16.667783975601196, "end": 18.096473932266235, "quality": 6, "bitrate": 391570, "throughput": 473120.63329187897, "ratio": 1.0, "url": "http://server/chunk-stream6-00015.m4s"}, {"index": 15, "start": 18.096681118011475, "end": 19.5020489692688, "quality": 6, "bitrate": 391570, "throughput": 483160.0021119118, "ratio": 1.0, "url": "http://server/chunk-stream6-00016.m4s"}, {"index": 16, "start": 19.50224494934082, "end": 20.42845606803894, "quality": 6, "bitrate": 391570, "throughput": 485832.8635649006, "ratio": 1.0, "url": "http://server/chunk-stream6-00017.m4s"}, {"index": 17, "start": 20.428662061691284, "end": 21.392888069152832, "quality": 6, "bitrate": 391570, "throughput": 415788.7617800688, "ratio": 1.0, "url": "http://server/chunk-stream6-00018.m4s"}, {"index": 18, "start": 21.39309000968933, "end": 22.257190942764282, "quality": 6, "bitrate": 391570, "throughput": 388954.3099245996, "ratio": 1.0, "url": "http://server/chunk-stream6-00019.m4s"}, {"index": 19, "start": 22.25739097595215, "end": 23.12063503265381, "quality": 6, "bitrate": 391570, "throughput": 352234.64084526245, "ratio": 1.0, "url": "http://server/chunk-stream6-00020.m4s"}, {"index": 20, "start": 23.121145009994507, "end": 24.345269918441772, "quality": 6, "bitrate": 391570, "throughput": 333481.489216277, "ratio": 1.0, "url": "http://server/chunk-stream6-00021.m4s"}, {"index": 21, "start": 24.345442056655884, "end": 25.08316206932068, "quality": 6, "bitrate": 391570, "throughput": 390428.1992134849, "ratio": 1.0, "url": "http://server/chunk-stream6-00022.m4s"}, {"index": 22, "start": 25.083333015441895, "end": 25.809165954589844, "quality": 6, "bitrate": 391570, "throughput": 314226.45001809753, "ratio": 1.0, "url": "http://server/chunk-stream6-00023.m4s"}, {"index": 23, "start": 25.809485912322998, "end": 27.17119312286377, "quality": 6, "bitrate": 391570, "throughput": 271819.98714936565, "ratio": 1.0, "url": "http://server/chunk-stream6-00024.m4s"}], "num_stall": 0, "dur_stall": 0, "avg_bitrate": 401978.7083333333, "num_quality_switches": 1}