{"segments": [{"index": 0, "start": 1.0560939311981201, "end": 3.1993300914764404, "quality": 5, "bitrate": 641379, "throughput": 0, "ratio": 1.0, "url": "http://server/chunk-stream5-00001.m4s"}, {"index": 1, "start": 3.1996049880981445, "end": 4.371173143386841, "quality": 6, "bitrate": 391570, "throughput": 326781.15096450935, "ratio": 1.0, "url": "http://server/chunk-stream6-00002.m4s"}, {"index": 2, "start": 4.371366024017334, "end": 5.035987138748169, "quality": 6, "bitrate": 391570, "throughput": 170953.6510868966, "ratio": 1.0, "url": "http://server/chunk-stream6-00003.m4s"}, {"index": 3, "start": 5.0362229347229, "end": 5.76018500328064, "quality": 6, "bitrate": 391570, "throughput": 175581.36494650855, "ratio": 1.0, "url": "http://server/chunk-stream6-00004.m4s"}, {"index": 4, "start": 5.760460138320923, "end": 6.614264965057373, "quality": 6, "bitrate": 391570, "throughput": 201843.80136679468, "ratio": 1.0, "url": "http://server/chunk-stream6-00005.m4s"}, {"index": 5, "start": 6.614498138427734, "end": 7.464215993881226, "quality": 6, "bitrate": 391570, "throughput": 255891.5158334252, "ratio": 1.0, "url": "http://server/chunk-stream6-00006.m4s"}, {"index": 6, "start": 7.464430093765259, "end": 8.389302968978882, "quality": 6, "bitrate": 391570, "throughput": 281740.8835454795, "ratio": 1.0, "url": "http://server/chunk-stream6-00007.m4s"}, {"index": 7, "start": 8.389467000961304, "end": 9.356921911239624, "quality": 6, "bitrate": 391570, "throughput": 313402.9823432743, "ratio": 1.0, "url": "http://server/chunk-stream6-00008.m4s"}, {"index": 8, "start": 9.357094049453735, "end": 10.39875602722168, "quality": 6, "bitrate": 391570, "throughput": 338453.3101232847, "ratio": 1.0, "url": "http://server/chunk-stream6-00009.m4s"}, {"index": 9, "start": 10.398965120315552, "end": 11.509474039077759, "quality": 6, "bitrate": 391570, "throughput": 365257.47286705096, "ratio": 1.0, "url": "http://server/chunk-stream6-00010.m4s"}, {"index": 10, "start": 11.509696006774902, "end": 12.60679006576538, "quality": 6, "bitrate": 391570, "throughput": 390281.41588162887, "ratio": 1.0, "url": "http://server/chunk-stream6-00011.m4s"}, {"index": 11, "start": 12.607017993927002, "end": 13.861247062683105, "quality": 6, "bitrate": 391570, "throughput": 400693.9266802162, "ratio": 1.0, "url": "http://server/chunk-stream6-00012.m4s"}, {"index": 12, "start": 13.86142897605896, "end": 15.232583999633789, "quality": 6, "bitrate": 391570, "throughput": 427999.6237902482, "ratio": 1.0, "url": "http://server/chunk-stream6-00013.m4s"}, {"index": 13, "start": 15.23277497291565, "end": 16.65309500694275, "quality": 6, "bitrate": 391570, "throughput": 454849.8122060909, "ratio": 1.0, "url": "http://server/chunk-stream6-00014.m4s"}, {"index": 14, "start": 16.653296947479248, "end": 18.08182406425476, "quality": 6, "bitrate": 391570, "throughput": 473170.38151446695, "ratio": 1.0, "url": "http://server/chunk-stream6-00015.m4s"}, {"index": 15, "start": 18.082009077072144, "end": 19.487504959106445, "quality": 6, "bitrate": 391570, "throughput": 483214.7624287398, "ratio": 1.0, "url": "http://server/chunk-stream6-00016.m4s"}, {"index": 16, "start": 19.4876549243927, "end": 20.413923025131226, "quality": 6, "bitrate": 391570, "throughput": 485828.41662733397, "ratio": 1.0, "url": "http://server/chunk-stream6-00017.m4s"}, {"index": 17, "start": 20.41410207748413, "end": 21.378148078918457, "quality": 6, "bitrate": 391570, "throughput": 415796.1524457257, "ratio": 1.0, "url": "http://server/chunk-stream6-00018.m4s"}, {"index": 18, "start": 21.37831711769104, "end": 22.24257493019104, "quality": 6, "bitrate": 391570, "throughput": 388993.07283978054, "ratio": 1.0, "url": "http://server/chunk-stream6-00019.m4s"}, {"index": 19, "start": 22.242748975753784, "end": 23.105637073516846, "quality": 6, "bitrate": 391570, "throughput": 352225.33637728717, "ratio": 1.0, "url": "http://server/chunk-stream6-00020.m4s"}, {"index": 20, "start": 23.10591197013855, "end": 24.329769134521484, "quality": 6, "bitrate": 391570, "throughput": 333502.4531863566, "ratio": 1.0, "url": "http://server/chunk-stream6-00021.m4s"}, {"index": 21, "start": 24.3299880027771, "end": 25.06780505180359, "quality": 6, "bitrate": 391570, "throughput": 390495.82137708145, "ratio": 1.0, "url": "http://server/chunk-stream6-00022.m4s"}, {"index": 22, "start": 25.06802797317505, "end": 25.793620109558105, "quality": 6, "bitrate": 391570, "throughput": 314238.1041596058, "ratio": 1.0, "url": "http://server/chunk-stream6-00023.m4s"}, {"index": 23, "start": 25.79387092590332, "end": 27.15546703338623, "quality": 6, "bitrate": 391570, "throughput": 271864.1597539864, "ratio": 1.0, "url": "http://server/chunk-stream6-00024.m4s"}], "num_stall": 0, "dur_stall": 0, "avg_bitrate": 401978.7083333333, "num_quality_switches": 1}