{"segments": [{"index": 0, "start": 0.055674076080322266, "end": 0.2395780086517334, "quality": 6, "bitrate": 391570, "throughput": 0, "ratio": 1.0, "url": "http://server/chunk-stream6-00001.m4s"}, {"index": 1, "start": 0.23979496955871582, "end": 0.3948709964752197, "quality": 6, "bitrate": 391570, "throughput": 705813.425367422, "ratio": 1.0, "url": "http://server/chunk-stream6-00002.m4s"}, {"index": 2, "start": 0.3950629234313965, "end": 0.6745600700378418, "quality": 5, "bitrate": 641379, "throughput": 716019.0570164424, "ratio": 1.0, "url": "http://server/chunk-stream5-00003.m4s"}, {"index": 3, "start": 0.674752950668335, "end": 1.3515849113464355, "quality": 4, "bitrate": 988603, "throughput": 605372.8735594982, "ratio": 1.0, "url": "http://server/chunk-stream4-00004.m4s"}, {"index": 4, "start": 1.3517639636993408, "end": 2.448607921600342, "quality": 4, "bitrate": 988603, "throughput": 632421.5490629883, "ratio": 1.0, "url": "http://server/chunk-stream4-00005.m4s"}, {"index": 5, "start": 2.448812961578369, "end": 4.016643047332764, "quality": 4, "bitrate": 988603, "throughput": 696017.4955512274, "ratio": 1.0, "url": "http://server/chunk-stream4-00006.m4s"}, {"index": 6, "start": 4.016802072525024, "end": 5.722429037094116, "quality": 4, "bitrate": 988603, "throughput": 639801.0626642792, "ratio": 1.0, "url": "http://server/chunk-stream4-00007.m4s"}, {"index": 7, "start": 5.722649097442627, "end": 6.906090974807739, "quality": 5, "bitrate": 641379, "throughput": 583197.5965963266, "ratio": 1.0, "url": "http://server/chunk-stream5-00008.m4s"}, {"index": 8, "start": 6.906297922134399, "end": 8.51706600189209, "quality": 5, "bitrate": 641379, "throughput": 553824.3539651239, "ratio": 1.0, "url": "http://server/chunk-stream5-00009.m4s"}, {"index": 9, "start": 8.517293930053711, "end": 9.743566036224365, "quality": 5, "bitrate": 641379, "throughput": 503261.27101032, "ratio": 1.0, "url": "http://server/chunk-stream5-00010.m4s"}, {"index": 10, "start": 9.743735074996948, "end": 10.34147596359253, "quality": 6, "bitrate": 391570, "throughput": 576853.0106520865, "ratio": 1.0, "url": "http://server/chunk-stream6-00011.m4s"}, {"index": 11, "start": 10.341629981994629, "end": 11.668313980102539, "quality": 5, "bitrate": 641379, "throughput": 665668.7552583162, "ratio": 1.0, "url": "http://server/chunk-stream5-00012.m4s"}, {"index": 12, "start": 11.668517112731934, "end": 14.37030291557312, "quality": 4, "bitrate": 988603, "throughput": 713080.4146203494, "ratio": 1.0, "url": "http://server/chunk-stream4-00013.m4s"}, {"index": 13, "start": 14.370496034622192, "end": 15.893683910369873, "quality": 5, "bitrate": 641379, "throughput": 668410.5675535917, "ratio": 1.0, "url": "http://server/chunk-stream5-00014.m4s"}, {"index": 14, "start": 15.893857955932617, "end": 17.010396003723145, "quality": 6, "bitrate": 391570, "throughput": 714409.5140929215, "ratio": 1.0, "url": "http://server/chunk-stream6-00015.m4s"}, {"index": 15, "start": 17.010584115982056, "end": 18.590646028518677, "quality": 5, "bitrate": 641379, "throughput": 672741.5619196859, "ratio": 1.0, "url": "http://server/chunk-stream5-00016.m4s"}, {"index": 16, "start": 18.590816974639893, "end": 19.513598918914795, "quality": 4, "bitrate": 988603, "throughput": 688490.0269092198, "ratio": 1.0, "url": "http://server/chunk-stream4-00017.m4s"}, {"index": 17, "start": 19.51377511024475, "end": 20.91608190536499, "quality": 4, "bitrate": 988603, "throughput": 681869.0140521005, "ratio": 1.0, "url": "http://server/chunk-stream4-00018.m4s"}, {"index": 18, "start": 20.916234970092773, "end": 21.6733341217041, "quality": 4, "bitrate": 988603, "throughput": 595666.7833404748, "ratio": 1.0, "url": "http://server/chunk-stream4-00019.m4s"}, {"index": 19, "start": 21.673519134521484, "end": 22.71256113052368, "quality": 4, "bitrate": 988603, "throughput": 651366.7907561024, "ratio": 1.0, "url": "http://server/chunk-stream4-00020.m4s"}, {"index": 20, "start": 22.71277904510498, "end": 23.985008001327515, "quality": 4, "bitrate": 988603, "throughput": 587325.0335551949, "ratio": 1.0, "url": "http://server/chunk-stream4-00021.m4s"}, {"index": 21, "start": 23.985239028930664, "end": 24.423553943634033, "quality": 4, "bitrate": 988603, "throughput": 659836.6936918579, "ratio": 1.0, "url": "http://server/chunk-stream4-00022.m4s"}, {"index": 22, "start": 24.423818111419678, "end": 25.233815908432007, "quality": 4, "bitrate": 988603, "throughput": 704534.4311634622, "ratio": 1.0, "url": "http://server/chunk-stream4-00023.m4s"}, {"index": 23, "start": 25.23403000831604, "end": 27.48318910598755, "quality": 4, "bitrate": 988603, "throughput": 545739.3534962371, "ratio": 1.0, "url": "http://server/chunk-stream4-00024.m4s"}], "num_stall": 2, "dur_stall": 4.8930299282073975, "avg_bitrate": 787823.8333333334, "num_quality_switches": 10}