{"segments": [{"index": 0, "start": 0.06937003135681152, "end": 0.25360608100891113, "quality": 6, "bitrate": 391570, "throughput": 0, "ratio": 1.0, "url": "http://server/chunk-stream6-00001.m4s"}, {"index": 1, "start": 0.2538270950317383, "end": 0.40889596939086914, "quality": 6, "bitrate": 391570, "throughput": 704388.4352383805, "ratio": 1.0, "url": "http://server/chunk-stream6-00002.m4s"}, {"index": 2, "start": 0.4090919494628906, "end": 0.6938831806182861, "quality": 5, "bitrate": 641379, "throughput": 715350.7279055327, "ratio": 1.0, "url": "http://server/chunk-stream5-00003.m4s"}, {"index": 3, "start": 0.694267988204956, "end": 1.8499159812927246, "quality": 4, "bitrate": 988603, "throughput": 597205.5906204637, "ratio": 1.0, "url": "http://server/chunk-stream4-00004.m4s"}, {"index": 4, "start": 1.8501091003417969, "end": 2.946974992752075, "quality": 4, "bitrate": 988603, "throughput": 530629.0720293857, "ratio": 1.0, "url": "http://server/chunk-stream4-00005.m4s"}, {"index": 5, "start": 2.9472270011901855, "end": 4.294308185577393, "quality": 4, "bitrate": 988603, "throughput": 645134.8009140189, "ratio": 1.0, "url": "http://server/chunk-stream4-00006.m4s"}, {"index": 6, "start": 4.294617176055908, "end": 5.520140171051025, "quality": 4, "bitrate": 988603, "throughput": 662195.7193593826, "ratio": 1.0, "url": "http://server/chunk-stream4-00007.m4s"}, {"index": 7, "start": 5.520346164703369, "end": 6.385869026184082, "quality": 5, "bitrate": 641379, "throughput": 697559.8781808943, "ratio": 1.0, "url": "http://server/chunk-stream5-00008.m4s"}, {"index": 8, "start": 6.386059045791626, "end": 7.973718166351318, "quality": 4, "bitrate": 988603, "throughput": 707345.6090106937, "ratio": 1.0, "url": "http://server/chunk-stream4-00009.m4s"}, {"index": 9, "start": 7.973926067352295, "end": 9.025045156478882, "quality": 5, "bitrate": 641379, "throughput": 724484.6738754252, "ratio": 1.0, "url": "http://server/chunk-stream5-00010.m4s"}, {"index": 10, "start": 9.02521014213562, "end": 10.078948974609375, "quality": 5, "bitrate": 641379, "throughput": 741667.5435093844, "ratio": 1.0, "url": "http://server/chunk-stream5-00011.m4s"}, {"index": 11, "start": 10.07913613319397, "end": 11.406098127365112, "quality": 5, "bitrate": 641379, "throughput": 750335.6871724208, "ratio": 1.0, "url": "http://server/chunk-stream5-00012.m4s"}, {"index": 12, "start": 11.406314134597778, "end": 12.960078954696655, "quality": 5, "bitrate": 641379, "throughput": 755324.8370090425, "ratio": 1.0, "url": "http://server/chunk-stream5-00013.m4s"}, {"index": 13, "start": 12.960222959518433, "end": 13.88093113899231, "quality": 6, "bitrate": 391570, "throughput": 736177.3403351316, "ratio": 1.0, "url": "http://server/chunk-stream6-00014.m4s"}, {"index": 14, "start": 13.881108045578003, "end": 15.537760019302368, "quality": 5, "bitrate": 641379, "throughput": 747188.8354270251, "ratio": 1.0, "url": "http://server/chunk-stream5-00015.m4s"}, {"index": 15, "start": 15.53795313835144, "end": 17.956156015396118, "quality": 4, "bitrate": 988603, "throughput": 726345.0451737789, "ratio": 1.0, "url": "http://server/chunk-stream4-00016.m4s"}, {"index": 16, "start": 17.956315994262695, "end": 18.859450101852417, "quality": 5, "bitrate": 641379, "throughput": 712936.0919427155, "ratio": 1.0, "url": "http://server/chunk-stream5-00017.m4s"}, {"index": 17, "start": 18.859655141830444, "end": 20.79104495048523, "quality": 5, "bitrate": 641379, "throughput": 620674.0093447178, "ratio": 1.0, "url": "http://server/chunk-stream5-00018.m4s"}, {"index": 18, "start": 20.79117703437805, "end": 21.15647315979004, "quality": 6, "bitrate": 391570, "throughput": 451845.94886599015, "ratio": 1.0, "url": "http://server/chunk-stream6-00019.m4s"}, {"index": 19, "start": 21.156715154647827, "end": 21.759448051452637, "quality": 5, "bitrate": 641379, "throughput": 599228.4248269479, "ratio": 1.0, "url": "http://server/chunk-stream5-00020.m4s"}, {"index": 20, "start": 21.759674072265625, "end": 23.190030097961426, "quality": 4, "bitrate": 988603, "throughput": 650436.5021839347, "ratio": 1.0, "url": "http://server/chunk-stream4-00021.m4s"}, {"index": 21, "start": 23.19020700454712, "end": 23.62770104408264, "quality": 4, "bitrate": 988603, "throughput": 650862.9998195581, "ratio": 1.0, "url": "http://server/chunk-stream4-00022.m4s"}, {"index": 22, "start": 23.627917051315308, "end": 24.04666304588318, "quality": 4, "bitrate": 988603, "throughput": 700595.3877080266, "ratio": 1.0, "url": "http://server/chunk-stream4-00023.m4s"}, {"index": 23, "start": 24.04687809944153, "end": 27.30961513519287, "quality": 3, "bitrate": 1489543, "throughput": 724702.1936098661, "ratio": 1.0, "url": "http://server/chunk-stream3-00024.m4s"}], "num_stall": 2, "dur_stall": 4.038013935089111, "avg_bitrate": 765293.3333333334, "num_quality_switches": 13}