{"segments": [{"index": 0, "start": 0.05583000183105469, "end": 0.24002504348754883, "quality": 6, "bitrate": 391570, "throughput": 0, "ratio": 1.0, "url": "http://server/chunk-stream6-00001.m4s"}, {"index": 1, "start": 0.24025392532348633, "end": 0.39539194107055664, "quality": 6, "bitrate": 391570, "throughput": 704955.1289696796, "ratio": 1.0, "url": "http://server/chunk-stream6-00002.m4s"}, {"index": 2, "start": 0.3956339359283447, "end": 0.6610970497131348, "quality": 5, "bitrate": 641379, "throughput": 715496.0219876601, "ratio": 1.0, "url": "http://server/chunk-stream5-00003.m4s"}, {"index": 3, "start": 0.6613330841064453, "end": 1.338027000427246, "quality": 4, "bitrate": 988603, "throughput": 651303.9146360799, "ratio": 1.0, "url": "http://server/chunk-stream4-00004.m4s"}, {"index": 4, "start": 1.3382079601287842, "end": 2.434580087661743, "quality": 4, "bitrate": 988603, "throughput": 643161.464561254, "ratio": 1.0, "url": "http://server/chunk-stream4-00005.m4s"}, {"index": 5, "start": 2.434762954711914, "end": 3.638051986694336, "quality": 4, "bitrate": 988603, "throughput": 701549.4650670625, "ratio": 1.0, "url": "http://server/chunk-stream4-00006.m4s"}, {"index": 6, "start": 3.638237953186035, "end": 4.819875955581665, "quality": 4, "bitrate": 988603, "throughput": 730982.1335744599, "ratio": 1.0, "url": "http://server/chunk-stream4-00007.m4s"}, {"index": 7, "start": 4.82007908821106, "end": 7.414438962936401, "quality": 4, "bitrate": 988603, "throughput": 745566.5878309174, "ratio": 1.0, "url": "http://server/chunk-stream4-00008.m4s"}, {"index": 8, "start": 7.414644956588745, "end": 8.375298976898193, "quality": 5, "bitrate": 641379, "throughput": 564151.1755563177, "ratio": 1.0, "url": "http://server/chunk-stream5-00009.m4s"}, {"index": 9, "start": 8.37550401687622, "end": 19.84654211997986, "quality": 5, "bitrate": 641379, "throughput": 661617.1232055731, "ratio": 1.0, "url": "http://server/chunk-stream5-00010.m4s"}, {"index": 10, "start": 19.84672212600708, "end": 20.44462513923645, "quality": 6, "bitrate": 391570, "throughput": 365566.92595626885, "ratio": 1.0, "url": "http://server/chunk-stream6-00011.m4s"}, {"index": 11, "start": 20.44482398033142, "end": 22.591620922088623, "quality": 5, "bitrate": 641379, "throughput": 559932.5686078867, "ratio": 1.0, "url": "http://server/chunk-stream5-00012.m4s"}, {"index": 12, "start": 22.591814041137695, "end": 24.840682983398438, "quality": 4, "bitrate": 988603, "throughput": 514923.4302374392, "ratio": 1.0, "url": "http://server/chunk-stream4-00013.m4s"}, {"index": 13, "start": 24.84091305732727, "end": 26.614521980285645, "quality": 5, "bitrate": 641379, "throughput": 632156.3356529872, "ratio": 1.0, "url": "http://server/chunk-stream5-00014.m4s"}, {"index": 14, "start": 26.614702939987183, "end": 28.35697603225708, "quality": 6, "bitrate": 391570, "throughput": 642562.318609511, "ratio": 1.0, "url": "http://server/chunk-stream6-00015.m4s"}, {"index": 15, "start": 28.357172966003418, "end": 29.991853952407837, "quality": 5, "bitrate": 641379, "throughput": 523475.5747596941, "ratio": 1.0, "url": "http://server/chunk-stream5-00016.m4s"}, {"index": 16, "start": 29.992100954055786, "end": 31.10126304626465, "quality": 4, "bitrate": 988603, "throughput": 602065.2426096051, "ratio": 1.0, "url": "http://server/chunk-stream4-00017.m4s"}, {"index": 17, "start": 31.101444959640503, "end": 32.511192083358765, "quality": 4, "bitrate": 988603, "throughput": 581908.1772320567, "ratio": 1.0, "url": "http://server/chunk-stream4-00018.m4s"}, {"index": 18, "start": 32.5113639831543, "end": 33.219731092453, "quality": 4, "bitrate": 988603, "throughput": 544341.2739479997, "ratio": 1.0, "url": "http://server/chunk-stream4-00019.m4s"}, {"index": 19, "start": 33.219916105270386, "end": 33.93817400932312, "quality": 4, "bitrate": 988603, "throughput": 649979.4318234547, "ratio": 1.0, "url": "http://server/chunk-stream4-00020.m4s"}, {"index": 20, "start": 33.93839502334595, "end": 35.164756059646606, "quality": 4, "bitrate": 988603, "throughput": 703513.5972328316, "ratio": 1.0, "url": "http://server/chunk-stream4-00021.m4s"}, {"index": 21, "start": 35.16494297981262, "end": 35.60173010826111, "quality": 4, "bitrate": 988603, "throughput": 731693.3126136223, "ratio": 1.0, "url": "http://server/chunk-stream4-00022.m4s"}, {"index": 22, "start": 35.601891040802, "end": 36.01972794532776, "quality": 4, "bitrate": 988603, "throughput": 741579.0319714978, "ratio": 1.0, "url": "http://server/chunk-stream4-00023.m4s"}, {"index": 23, "start": 36.01991391181946, "end": 38.91165590286255, "quality": 3, "bitrate": 1489543, "throughput": 745912.1628517881, "ratio": 1.0, "url": "http://server/chunk-stream3-00024.m4s"}], "num_stall": 2, "dur_stall": 16.31847095489502, "avg_bitrate": 823164.0, "num_quality_switches": 11}