{"segments": [{"index": 0, "start": 0.06709599494934082, "end": 1.265866994857788, "quality": 6, "bitrate": 391570, "throughput": 0, "ratio": 1.0, "url": "http://server/chunk-stream6-00001.m4s"}, {"index": 1, "start": 1.2660949230194092, "end": 1.4211981296539307, "quality": 6, "bitrate": 391570, "throughput": 615798.4218937358, "ratio": 1.0, "url": "http://server/chunk-stream6-00002.m4s"}, {"index": 2, "start": 1.421476125717163, "end": 2.0403459072113037, "quality": 5, "bitrate": 641379, "throughput": 671132.3383005133, "ratio": 1.0, "url": "http://server/chunk-stream5-00003.m4s"}, {"index": 3, "start": 2.040400981903076, "end": 2.7155940532684326, "quality": 4, "bitrate": 988603, "throughput": 421341.6340763542, "ratio": 1.0, "url": "http://server/chunk-stream4-00004.m4s"}, {"index": 4, "start": 2.715825080871582, "end": 4.048285961151123, "quality": 4, "bitrate": 988603, "throughput": 592727.7226277967, "ratio": 1.0, "url": "http://server/chunk-stream4-00005.m4s"}, {"index": 5, "start": 4.0484619140625, "end": 6.5651679039001465, "quality": 4, "bitrate": 988603, "throughput": 608990.9243948973, "ratio": 1.0, "url": "http://server/chunk-stream4-00006.m4s"}, {"index": 6, "start": 6.565340995788574, "end": 8.92643404006958, "quality": 5, "bitrate": 641379, "throughput": 486259.4050436008, "ratio": 1.0, "url": "http://server/chunk-stream5-00007.m4s"}, {"index": 7, "start": 8.926635026931763, "end": 9.709013938903809, "quality": 6, "bitrate": 391570, "throughput": 361206.81707424094, "ratio": 1.0, "url": "http://server/chunk-stream6-00008.m4s"}, {"index": 8, "start": 9.70922303199768, "end": 14.099487066268921, "quality": 5, "bitrate": 641379, "throughput": 405366.0969352019, "ratio": 1.0, "url": "http://server/chunk-stream5-00009.m4s"}, {"index": 9, "start": 14.099669933319092, "end": 19.091301918029785, "quality": 4, "bitrate": 988603, "throughput": 285720.90008895274, "ratio": 1.0, "url": "http://server/chunk-stream4-00010.m4s"}, {"index": 10, "start": 19.091490983963013, "end": 20.734839916229248, "quality": 6, "bitrate": 391570, "throughput": 276201.51726700383, "ratio": 1.0, "url": "http://server/chunk-stream6-00011.m4s"}, {"index": 11, "start": 20.73508095741272, "end": 22.645934104919434, "quality": 5, "bitrate": 641379, "throughput": 275293.49768127466, "ratio": 1.0, "url": "http://server/chunk-stream5-00012.m4s"}, {"index": 12, "start": 22.646132946014404, "end": 28.00924801826477, "quality": 4, "bitrate": 988603, "throughput": 401612.42705777526, "ratio": 1.0, "url": "http://server/chunk-stream4-00013.m4s"}, {"index": 13, "start": 28.009413957595825, "end": 30.138837099075317, "quality": 6, "bitrate": 391570, "throughput": 357903.50599228137, "ratio": 1.0, "url": "http://server/chunk-stream6-00014.m4s"}, {"index": 14, "start": 30.13906502723694, "end": 32.81743597984314, "quality": 5, "bitrate": 641379, "throughput": 342849.5633917354, "ratio": 1.0, "url": "http://server/chunk-stream5-00015.m4s"}, {"index": 15, "start": 32.81766390800476, "end": 39.49164605140686, "quality": 4, "bitrate": 988603, "throughput": 389600.5745930176, "ratio": 1.0, "url": "http://server/chunk-stream4-00016.m4s"}, {"index": 16, "start": 39.49180507659912, "end": 40.450026988983154, "quality": 6, "bitrate": 391570, "throughput": 321516.84033768764, "ratio": 1.0, "url": "http://server/chunk-stream6-00017.m4s"}, {"index": 17, "start": 40.45023202896118, "end": 43.63214898109436, "quality": 5, "bitrate": 641379, "throughput": 327857.04187357106, "ratio": 1.0, "url": "http://server/chunk-stream5-00018.m4s"}, {"index": 18, "start": 43.63236904144287, "end": 45.1471381187439, "quality": 4, "bitrate": 988603, "throughput": 249821.14238768208, "ratio": 1.0, "url": "http://server/chunk-stream4-00019.m4s"}, {"index": 19, "start": 45.14736795425415, "end": 46.85527205467224, "quality": 4, "bitrate": 988603, "throughput": 301573.11644288327, "ratio": 1.0, "url": "http://server/chunk-stream4-00020.m4s"}, {"index": 20, "start": 46.85549306869507, "end": 48.391401052474976, "quality": 5, "bitrate": 641379, "throughput": 309937.64955987415, "ratio": 1.0, "url": "http://server/chunk-stream5-00021.m4s"}, {"index": 21, "start": 48.3915650844574, "end": 48.727932929992676, "quality": 5, "bitrate": 641379, "throughput": 389387.01904018555, "ratio": 1.0, "url": "http://server/chunk-stream5-00022.m4s"}, {"index": 22, "start": 48.728102922439575, "end": 49.13758611679077, "quality": 5, "bitrate": 641379, "throughput": 567091.9222982515, "ratio": 1.0, "url": "http://server/chunk-stream5-00023.m4s"}, {"index": 23, "start": 49.13780903816223, "end": 53.666666984558105, "quality": 4, "bitrate": 988603, "throughput": 571285.9045128155, "ratio": 1.0, "url": "http://server/chunk-stream4-00024.m4s"}], "num_stall": 5, "dur_stall": 28.612334966659546, "avg_bitrate": 709135.75, "num_quality_switches": 17}