{"segments": [{"index": 0, "start": 0.05489802360534668, "end": 0.2393789291381836, "quality": 6, "bitrate": 391570, "throughput": 0, "ratio": 1.0, "url": "http://server/chunk-stream6-00001.m4s"}, {"index": 1, "start": 0.23953795433044434, "end": 0.39589905738830566, "quality": 6, "bitrate": 391570, "throughput": 703394.9399195242, "ratio": 1.0, "url": "http://server/chunk-stream6-00002.m4s"}, {"index": 2, "start": 0.39607810974121094, "end": 0.6611640453338623, "quality": 5, "bitrate": 641379, "throughput": 711772.1496369219, "ratio": 1.0, "url": "http://server/chunk-stream5-00003.m4s"}, {"index": 3, "start": 0.6614639759063721, "end": 1.3796980381011963, "quality": 4, "bitrate": 988603, "throughput": 652819.5320098125, "ratio": 1.0, "url": "http://server/chunk-stream4-00004.m4s"}, {"index": 4, "start": 1.3799231052398682, "end": 4.8230979442596436, "quality": 4, "bitrate": 988603, "throughput": 623172.8497372849, "ratio": 1.0, "url": "http://server/chunk-stream4-00005.m4s"}, {"index": 5, "start": 4.823364973068237, "end": 5.9322121143341064, "quality": 6, "bitrate": 391570, "throughput": 432554.38259257755, "ratio": 1.0, "url": "http://server/chunk-stream6-00006.m4s"}, {"index": 6, "start": 5.9323930740356445, "end": 7.930773019790649, "quality": 5, "bitrate": 641379, "throughput": 334122.7787860384, "ratio": 1.0, "url": "http://server/chunk-stream5-00007.m4s"}, {"index": 7, "start": 7.931005954742432, "end": 9.671875, "quality": 4, "bitrate": 988603, "throughput": 306580.8696548033, "ratio": 1.0, "url": "http://server/chunk-stream4-00008.m4s"}, {"index": 8, "start": 9.672096967697144, "end": 12.101962089538574, "quality": 5, "bitrate": 641379, "throughput": 438492.8894264271, "ratio": 1.0, "url": "http://server/chunk-stream5-00009.m4s"}, {"index": 9, "start": 12.102053165435791, "end": 12.798355102539062, "quality": 6, "bitrate": 391570, "throughput": 369277.06747396465, "ratio": 1.0, "url": "http://server/chunk-stream6-00010.m4s"}, {"index": 10, "start": 12.798416137695312, "end": 17.212373971939087, "quality": 5, "bitrate": 641379, "throughput": 515768.628450776, "ratio": 1.0, "url": "http://server/chunk-stream5-00011.m4s"}, {"index": 11, "start": 17.21253204345703, "end": 22.94304895401001, "quality": 4, "bitrate": 988603, "throughput": 348460.88968089106, "ratio": 1.0, "url": "http://server/chunk-stream4-00012.m4s"}, {"index": 12, "start": 22.943262100219727, "end": 24.31945300102234, "quality": 6, "bitrate": 391570, "throughput": 318440.3304753057, "ratio": 1.0, "url": "http://server/chunk-stream6-00013.m4s"}, {"index": 13, "start": 24.31964898109436, "end": 28.894685983657837, "quality": 5, "bitrate": 641379, "throughput": 399196.6639647656, "ratio": 1.0, "url": "http://server/chunk-stream5-00014.m4s"}, {"index": 14, "start": 28.89487314224243, "end": 36.77333307266235, "quality": 4, "bitrate": 988603, "throughput": 326151.59528984805, "ratio": 1.0, "url": "http://server/chunk-stream4-00015.m4s"}, {"index": 15, "start": 36.77353000640869, "end": 39.00722002983093, "quality": 6, "bitrate": 391570, "throughput": 273167.9067296912, "ratio": 1.0, "url": "http://server/chunk-stream6-00016.m4s"}, {"index": 16, "start": 39.007418155670166, "end": 43.96753907203674, "quality": 5, "bitrate": 641379, "throughput": 290237.7841731097, "ratio": 1.0, "url": "http://server/chunk-stream5-00017.m4s"}, {"index": 17, "start": 43.967705965042114, "end": 46.22537612915039, "quality": 4, "bitrate": 988603, "throughput": 193217.83370120946, "ratio": 1.0, "url": "http://server/chunk-stream4-00018.m4s"}, {"index": 18, "start": 46.22556114196777, "end": 54.44630312919617, "quality": 5, "bitrate": 641379, "throughput": 254819.17869947103, "ratio": 1.0, "url": "http://server/chunk-stream5-00019.m4s"}, {"index": 19, "start": 54.446516036987305, "end": 55.88247609138489, "quality": 6, "bitrate": 391570, "throughput": 151655.82631218855, "ratio": 1.0, "url": "http://server/chunk-stream6-00020.m4s"}, {"index": 20, "start": 55.882668018341064, "end": 57.73690605163574, "quality": 5, "bitrate": 641379, "throughput": 170393.86702137254, "ratio": 1.0, "url": "http://server/chunk-stream5-00021.m4s"}, {"index": 21, "start": 57.736958026885986, "end": 58.45110297203064, "quality": 4, "bitrate": 988603, "throughput": 279347.58621972124, "ratio": 1.0, "url": "http://server/chunk-stream4-00022.m4s"}, {"index": 22, "start": 58.45120811462402, "end": 60.12554097175598, "quality": 4, "bitrate": 988603, "throughput": 369432.59577447036, "ratio": 1.0, "url": "http://server/chunk-stream4-00023.m4s"}, {"index": 23, "start": 60.12562298774719, "end": 67.26269507408142, "quality": 4, "bitrate": 988603, "throughput": 278292.7769379037, "ratio": 1.0, "url": "http://server/chunk-stream4-00024.m4s"}], "num_stall": 6, "dur_stall": 43.55596399307251, "avg_bitrate": 698727.0416666666, "num_quality_switches": 19}