{"segments": [{"index": 0, "start": 0.06604218482971191, "end": 1.5315661430358887, "quality": 6, "bitrate": 391570, "throughput": 0, "ratio": 1.0, "url": "http://server/chunk-stream6-00001.m4s"}, {"index": 1, "start": 1.5317811965942383, "end": 2.2409889698028564, "quality": 6, "bitrate": 391570, "throughput": 395847.1467073801, "ratio": 1.0, "url": "http://server/chunk-stream6-00002.m4s"}, {"index": 2, "start": 2.2412571907043457, "end": 4.728192090988159, "quality": 5, "bitrate": 641379, "throughput": 277246.6443339032, "ratio": 1.0, "url": "http://server/chunk-stream5-00003.m4s"}, {"index": 3, "start": 4.728353977203369, "end": 6.127469062805176, "quality": 4, "bitrate": 988603, "throughput": 129526.76260295633, "ratio": 1.0, "url": "http://server/chunk-stream4-00004.m4s"}, {"index": 4, "start": 6.127652168273926, "end": 15.441052198410034, "quality": 4, "bitrate": 988603, "throughput": 263445.0520361653, "ratio": 1.0, "url": "http://server/chunk-stream4-00005.m4s"}, {"index": 5, "start": 15.441131114959717, "end": 16.652815103530884, "quality": 6, "bitrate": 391570, "throughput": 176440.3591690419, "ratio": 1.0, "url": "http://server/chunk-stream6-00006.m4s"}, {"index": 6, "start": 16.65300416946411, "end": 21.977447986602783, "quality": 5, "bitrate": 641379, "throughput": 196058.19520995452, "ratio": 1.0, "url": "http://server/chunk-stream5-00007.m4s"}, {"index": 7, "start": 21.977511167526245, "end": 25.521147966384888, "quality": 4, "bitrate": 988603, "throughput": 150385.80158367957, "ratio": 1.0, "url": "http://server/chunk-stream4-00008.m4s"}, {"index": 8, "start": 25.521212100982666, "end": 26.582027196884155, "quality": 6, "bitrate": 391570, "throughput": 215285.06485574908, "ratio": 1.0, "url": "http://server/chunk-stream6-00009.m4s"}, {"index": 9, "start": 26.58225703239441, "end": 29.83434820175171, "quality": 5, "bitrate": 641379, "throughput": 300140.2680943869, "ratio": 1.0, "url": "http://server/chunk-stream5-00010.m4s"}, {"index": 10, "start": 29.83450198173523, "end": 37.01717209815979, "quality": 4, "bitrate": 988603, "throughput": 272684.13466557825, "ratio": 1.0, "url": "http://server/chunk-stream4-00011.m4s"}, {"index": 11, "start": 37.017266035079956, "end": 38.46345615386963, "quality": 6, "bitrate": 391570, "throughput": 231670.7148974759, "ratio": 1.0, "url": "http://server/chunk-stream6-00012.m4s"}, {"index": 12, "start": 38.46359705924988, "end": 40.848289012908936, "quality": 5, "bitrate": 641379, "throughput": 313238.61401094374, "ratio": 1.0, "url": "http://server/chunk-stream5-00013.m4s"}, {"index": 13, "start": 40.84835910797119, "end": 48.16929912567139, "quality": 4, "bitrate": 988603, "throughput": 390173.4055478708, "ratio": 1.0, "url": "http://server/chunk-stream4-00014.m4s"}, {"index": 14, "start": 48.1695020198822, "end": 54.98698306083679, "quality": 6, "bitrate": 391570, "throughput": 312488.6248459156, "ratio": 1.0, "url": "http://server/chunk-stream6-00015.m4s"}, {"index": 15, "start": 54.987086057662964, "end": 58.19099402427673, "quality": 5, "bitrate": 641379, "throughput": 207913.52719029272, "ratio": 1.0, "url": "http://server/chunk-stream5-00016.m4s"}, {"index": 16, "start": 58.191182136535645, "end": 59.82678818702698, "quality": 4, "bitrate": 988603, "throughput": 277589.03136147035, "ratio": 1.0, "url": "http://server/chunk-stream4-00017.m4s"}, {"index": 17, "start": 59.826985120773315, "end": 61.28598713874817, "quality": 4, "bitrate": 988603, "throughput": 329258.72378742206, "ratio": 1.0, "url": "http://server/chunk-stream4-00018.m4s"}, {"index": 18, "start": 61.28622317314148, "end": 62.44537615776062, "quality": 5, "bitrate": 641379, "throughput": 409467.816991134, "ratio": 1.0, "url": "http://server/chunk-stream5-00019.m4s"}, {"index": 19, "start": 62.4455680847168, "end": 63.79145908355713, "quality": 5, "bitrate": 641379, "throughput": 376715.084204842, "ratio": 1.0, "url": "http://server/chunk-stream5-00020.m4s"}, {"index": 20, "start": 63.7916100025177, "end": 66.79454898834229, "quality": 5, "bitrate": 641379, "throughput": 345410.94205720734, "ratio": 1.0, "url": "http://server/chunk-stream5-00021.m4s"}, {"index": 21, "start": 66.79474210739136, "end": 67.03199505805969, "quality": 6, "bitrate": 391570, "throughput": 292592.4745267574, "ratio": 1.0, "url": "http://server/chunk-stream6-00022.m4s"}, {"index": 22, "start": 67.03207397460938, "end": 67.96608710289001, "quality": 5, "bitrate": 641379, "throughput": 516408.4250145906, "ratio": 1.0, "url": "http://server/chunk-stream5-00023.m4s"}, {"index": 23, "start": 67.9663200378418, "end": 73.36913800239563, "quality": 4, "bitrate": 988603, "throughput": 384320.28416223015, "ratio": 1.0, "url": "http://server/chunk-stream4-00024.m4s"}], "num_stall": 6, "dur_stall": 45.6319637298584, "avg_bitrate": 684259.375, "num_quality_switches": 18}