{"segments": [{"index": 0, "start": 0.053668975830078125, "end": 1.4286179542541504, "quality": 4, "bitrate": 988603, "throughput": 0, "ratio": 1.0, "url": "http://server/chunk-stream4-00001.m4s"}, {"index": 1, "start": 1.4288671016693115, "end": 3.1085500717163086, "quality": 6, "bitrate": 391570, "throughput": 624833.3897233673, "ratio": 1.0, "url": "http://server/chunk-stream6-00002.m4s"}, {"index": 2, "start": 3.10880708694458, "end": 3.68837308883667, "quality": 6, "bitrate": 391570, "throughput": 293589.7924462428, "ratio": 1.0, "url": "http://server/chunk-stream6-00003.m4s"}, {"index": 3, "start": 3.6885759830474854, "end": 4.569684982299805, "quality": 6, "bitrate": 391570, "throughput": 250131.69265664736, "ratio": 1.0, "url": "http://server/chunk-stream6-00004.m4s"}, {"index": 4, "start": 4.569930076599121, "end": 5.536149978637695, "quality": 6, "bitrate": 391570, "throughput": 218774.35949689904, "ratio": 1.0, "url": "http://server/chunk-stream6-00005.m4s"}, {"index": 5, "start": 5.536401987075806, "end": 5.932456016540527, "quality": 6, "bitrate": 391570, "throughput": 246325.5187898979, "ratio": 1.0, "url": "http://server/chunk-stream6-00006.m4s"}, {"index": 6, "start": 5.932759046554565, "end": 6.900113105773926, "quality": 6, "bitrate": 391570, "throughput": 453241.64173024404, "ratio": 1.0, "url": "http://server/chunk-stream6-00007.m4s"}, {"index": 7, "start": 6.900315046310425, "end": 7.843228101730347, "quality": 6, "bitrate": 391570, "throughput": 391585.28022430744, "ratio": 1.0, "url": "http://server/chunk-stream6-00008.m4s"}, {"index": 8, "start": 7.84342098236084, "end": 10.333569049835205, "quality": 6, "bitrate": 391570, "throughput": 382282.248069671, "ratio": 1.0, "url": "http://server/chunk-stream6-00009.m4s"}, {"index": 9, "start": 10.333739042282104, "end": 11.660789012908936, "quality": 6, "bitrate": 391570, "throughput": 273133.7491997734, "ratio": 1.0, "url": "http://server/chunk-stream6-00010.m4s"}, {"index": 10, "start": 11.661026954650879, "end": 12.649368047714233, "quality": 6, "bitrate": 391570, "throughput": 310334.66401583795, "ratio": 1.0, "url": "http://server/chunk-stream6-00011.m4s"}, {"index": 11, "start": 12.6495840549469, "end": 14.795044898986816, "quality": 6, "bitrate": 391570, "throughput": 383323.8734099552, "ratio": 1.0, "url": "http://server/chunk-stream6-00012.m4s"}, {"index": 12, "start": 14.795260906219482, "end": 18.576746940612793, "quality": 6, "bitrate": 391570, "throughput": 324729.4547589752, "ratio": 1.0, "url": "http://server/chunk-stream6-00013.m4s"}, {"index": 13, "start": 18.576816082000732, "end": 20.30632710456848, "quality": 6, "bitrate": 391570, "throughput": 249681.10890854377, "ratio": 1.0, "url": "http://server/chunk-stream6-00014.m4s"}, {"index": 14, "start": 20.30647897720337, "end": 22.248734951019287, "quality": 6, "bitrate": 391570, "throughput": 326646.4284653689, "ratio": 1.0, "url": "http://server/chunk-stream6-00015.m4s"}, {"index": 15, "start": 22.249002933502197, "end": 24.167232036590576, "quality": 6, "bitrate": 391570, "throughput": 344718.2192378669, "ratio": 1.0, "url": "http://server/chunk-stream6-00016.m4s"}, {"index": 16, "start": 24.167330980300903, "end": 24.658435106277466, "quality": 6, "bitrate": 391570, "throughput": 351288.69596983737, "ratio": 1.0, "url": "http://server/chunk-stream6-00017.m4s"}, {"index": 17, "start": 24.658528089523315, "end": 25.123130083084106, "quality": 6, "bitrate": 391570, "throughput": 501674.3148904301, "ratio": 1.0, "url": "http://server/chunk-stream6-00018.m4s"}, {"index": 18, "start": 25.123219966888428, "end": 41.43205499649048, "quality": 6, "bitrate": 391570, "throughput": 626612.4612906642, "ratio": 1.0, "url": "http://server/chunk-stream6-00019.m4s"}, {"index": 19, "start": 41.432188987731934, "end": 42.17437696456909, "quality": 6, "bitrate": 391570, "throughput": 321663.0186152291, "ratio": 1.0, "url": "http://server/chunk-stream6-00020.m4s"}, {"index": 20, "start": 42.17445397377014, "end": 43.57006502151489, "quality": 6, "bitrate": 391570, "throughput": 343800.7809188477, "ratio": 1.0, "url": "http://server/chunk-stream6-00021.m4s"}, {"index": 21, "start": 43.570199966430664, "end": 45.69232392311096, "quality": 6, "bitrate": 391570, "throughput": 368089.3674667136, "ratio": 1.0, "url": "http://server/chunk-stream6-00022.m4s"}, {"index": 22, "start": 45.69258999824524, "end": 45.9184250831604, "quality": 6, "bitrate": 391570, "throughput": 225409.55246847036, "ratio": 1.0, "url": "http://server/chunk-stream6-00023.m4s"}, {"index": 23, "start": 45.91853308677673, "end": 48.18753099441528, "quality": 6, "bitrate": 391570, "throughput": 481505.8924221033, "ratio": 1.0, "url": "http://server/chunk-stream6-00024.m4s"}], "num_stall": 2, "dur_stall": 21.87642502784729, "avg_bitrate": 416446.375, "num_quality_switches": 1}