{"segments": [{"index": 0, "start": 3.075634002685547, "end": 4.5228869915008545, "quality": 4, "bitrate": 988603, "throughput": 0, "ratio": 1.0, "url": "http://server/chunk-stream4-00001.m4s"}, {"index": 1, "start": 4.523162126541138, "end": 4.695646047592163, "quality": 6, "bitrate": 391570, "throughput": 540536.6949569754, "ratio": 1.0, "url": "http://server/chunk-stream6-00002.m4s"}, {"index": 2, "start": 4.69586706161499, "end": 6.690529108047485, "quality": 6, "bitrate": 391570, "throughput": 600776.9694239141, "ratio": 1.0, "url": "http://server/chunk-stream6-00003.m4s"}, {"index": 3, "start": 6.690762042999268, "end": 7.315898180007935, "quality": 6, "bitrate": 391570, "throughput": 330406.20833805564, "ratio": 1.0, "url": "http://server/chunk-stream6-00004.m4s"}, {"index": 4, "start": 7.31611704826355, "end": 10.25431203842163, "quality": 6, "bitrate": 391570, "throughput": 297307.7216354812, "ratio": 1.0, "url": "http://server/chunk-stream6-00005.m4s"}, {"index": 5, "start": 10.254564046859741, "end": 10.94670295715332, "quality": 6, "bitrate": 391570, "throughput": 193673.6331506566, "ratio": 1.0, "url": "http://server/chunk-stream6-00006.m4s"}, {"index": 6, "start": 10.946922063827515, "end": 11.373512983322144, "quality": 6, "bitrate": 391570, "throughput": 285660.1702486025, "ratio": 1.0, "url": "http://server/chunk-stream6-00007.m4s"}, {"index": 7, "start": 11.373739004135132, "end": 12.158756017684937, "quality": 6, "bitrate": 391570, "throughput": 517028.60669036064, "ratio": 1.0, "url": "http://server/chunk-stream6-00008.m4s"}, {"index": 8, "start": 12.15899109840393, "end": 13.039855003356934, "quality": 6, "bitrate": 391570, "throughput": 482538.7194910367, "ratio": 1.0, "url": "http://server/chunk-stream6-00009.m4s"}, {"index": 9, "start": 13.040070056915283, "end": 16.539781093597412, "quality": 6, "bitrate": 391570, "throughput": 473114.57331915305, "ratio": 1.0, "url": "http://server/chunk-stream6-00010.m4s"}, {"index": 10, "start": 16.539968967437744, "end": 17.300698041915894, "quality": 6, "bitrate": 391570, "throughput": 302437.0997919918, "ratio": 1.0, "url": "http://server/chunk-stream6-00011.m4s"}, {"index": 11, "start": 17.300937175750732, "end": 18.590763092041016, "quality": 6, "bitrate": 391570, "throughput": 447650.03072228015, "ratio": 1.0, "url": "http://server/chunk-stream6-00012.m4s"}, {"index": 12, "start": 18.59092617034912, "end": 21.99965214729309, "quality": 6, "bitrate": 391570, "throughput": 445184.15167051234, "ratio": 1.0, "url": "http://server/chunk-stream6-00013.m4s"}, {"index": 13, "start": 21.99973201751709, "end": 25.151808977127075, "quality": 6, "bitrate": 391570, "throughput": 319457.2067673234, "ratio": 1.0, "url": "http://server/chunk-stream6-00014.m4s"}, {"index": 14, "start": 25.152050971984863, "end": 27.11934804916382, "quality": 6, "bitrate": 391570, "throughput": 270448.4774107127, "ratio": 1.0, "url": "http://server/chunk-stream6-00015.m4s"}, {"index": 15, "start": 27.119596004486084, "end": 29.922356128692627, "quality": 6, "bitrate": 391570, "throughput": 314304.17375738634, "ratio": 1.0, "url": "http://server/chunk-stream6-00016.m4s"}, {"index": 16, "start": 29.922474145889282, "end": 32.56788611412048, "quality": 6, "bitrate": 391570, "throughput": 279603.7351986281, "ratio": 1.0, "url": "http://server/chunk-stream6-00017.m4s"}, {"index": 17, "start": 32.56796407699585, "end": 33.74281406402588, "quality": 6, "bitrate": 391570, "throughput": 200319.58384520214, "ratio": 1.0, "url": "http://server/chunk-stream6-00018.m4s"}, {"index": 18, "start": 33.74289512634277, "end": 35.77466297149658, "quality": 6, "bitrate": 391570, "throughput": 248746.40897570673, "ratio": 1.0, "url": "http://server/chunk-stream6-00019.m4s"}, {"index": 19, "start": 35.774861097335815, "end": 37.12246298789978, "quality": 6, "bitrate": 391570, "throughput": 191458.42563344166, "ratio": 1.0, "url": "http://server/chunk-stream6-00020.m4s"}, {"index": 20, "start": 37.12265706062317, "end": 54.19972896575928, "quality": 6, "bitrate": 391570, "throughput": 196499.56692743083, "ratio": 1.0, "url": "http://server/chunk-stream6-00021.m4s"}, {"index": 21, "start": 54.1999089717865, "end": 54.4383180141449, "quality": 6, "bitrate": 391570, "throughput": 114281.75364377027, "ratio": 1.0, "url": "http://server/chunk-stream6-00022.m4s"}, {"index": 22, "start": 54.4385461807251, "end": 54.664392948150635, "quality": 6, "bitrate": 391570, "throughput": 425610.15976385464, "ratio": 1.0, "url": "http://server/chunk-stream6-00023.m4s"}, {"index": 23, "start": 54.664605140686035, "end": 56.897263050079346, "quality": 6, "bitrate": 391570, "throughput": 581757.0454941089, "ratio": 1.0, "url": "http://server/chunk-stream6-00024.m4s"}], "num_stall": 4, "dur_stall": 27.985184907913208, "avg_bitrate": 416446.375, "num_quality_switches": 1}