{"segments": [{"index": 0, "start": 1.0744340419769287, "end": 3.1465070247650146, "quality": 4, "bitrate": 988603, "throughput": 0, "ratio": 1.0, "url": "http://server/chunk-stream4-00001.m4s"}, {"index": 1, "start": 3.1466331481933594, "end": 3.717694044113159, "quality": 6, "bitrate": 391570, "throughput": 397474.24982240924, "ratio": 1.0, "url": "http://server/chunk-stream6-00002.m4s"}, {"index": 2, "start": 3.717849016189575, "end": 3.8827590942382812, "quality": 6, "bitrate": 391570, "throughput": 307796.59535518975, "ratio": 1.0, "url": "http://server/chunk-stream6-00003.m4s"}, {"index": 3, "start": 3.8828680515289307, "end": 4.196120977401733, "quality": 6, "bitrate": 391570, "throughput": 517409.7042455801, "ratio": 1.0, "url": "http://server/chunk-stream6-00004.m4s"}, {"index": 4, "start": 4.196202993392944, "end": 5.054584980010986, "quality": 6, "bitrate": 391570, "throughput": 522314.6996710632, "ratio": 1.0, "url": "http://server/chunk-stream6-00005.m4s"}, {"index": 5, "start": 5.054682016372681, "end": 5.773504018783569, "quality": 6, "bitrate": 391570, "throughput": 415258.9896042828, "ratio": 1.0, "url": "http://server/chunk-stream6-00006.m4s"}, {"index": 6, "start": 5.773590087890625, "end": 6.201601982116699, "quality": 6, "bitrate": 391570, "throughput": 389408.08444930636, "ratio": 1.0, "url": "http://server/chunk-stream6-00007.m4s"}, {"index": 7, "start": 6.201840162277222, "end": 7.36652398109436, "quality": 6, "bitrate": 391570, "throughput": 567636.2073652233, "ratio": 1.0, "url": "http://server/chunk-stream6-00008.m4s"}, {"index": 8, "start": 7.366605997085571, "end": 8.440441131591797, "quality": 6, "bitrate": 391570, "throughput": 434776.2364170876, "ratio": 1.0, "url": "http://server/chunk-stream6-00009.m4s"}, {"index": 9, "start": 8.440530061721802, "end": 9.759189128875732, "quality": 6, "bitrate": 391570, "throughput": 407518.6243809118, "ratio": 1.0, "url": "http://server/chunk-stream6-00010.m4s"}, {"index": 10, "start": 9.759407997131348, "end": 11.949949026107788, "quality": 6, "bitrate": 391570, "throughput": 378626.81162215525, "ratio": 1.0, "url": "http://server/chunk-stream6-00011.m4s"}, {"index": 11, "start": 11.95012617111206, "end": 13.467116117477417, "quality": 6, "bitrate": 391570, "throughput": 292236.14792881085, "ratio": 1.0, "url": "http://server/chunk-stream6-00012.m4s"}, {"index": 12, "start": 13.467198133468628, "end": 15.073330163955688, "quality": 6, "bitrate": 391570, "throughput": 334308.42415111477, "ratio": 1.0, "url": "http://server/chunk-stream6-00013.m4s"}, {"index": 13, "start": 15.073523998260498, "end": 16.69263005256653, "quality": 6, "bitrate": 391570, "throughput": 372771.84374423197, "ratio": 1.0, "url": "http://server/chunk-stream6-00014.m4s"}, {"index": 14, "start": 16.692713975906372, "end": 22.24150514602661, "quality": 6, "bitrate": 391570, "throughput": 401939.7483653767, "ratio": 1.0, "url": "http://server/chunk-stream6-00015.m4s"}, {"index": 15, "start": 22.24156904220581, "end": 24.747639179229736, "quality": 6, "bitrate": 391570, "throughput": 264452.64575489564, "ratio": 1.0, "url": "http://server/chunk-stream6-00016.m4s"}, {"index": 16, "start": 24.747720956802368, "end": 26.037705183029175, "quality": 6, "bitrate": 391570, "throughput": 269173.32436040335, "ratio": 1.0, "url": "http://server/chunk-stream6-00017.m4s"}, {"index": 17, "start": 26.03779101371765, "end": 27.387140035629272, "quality": 6, "bitrate": 391570, "throughput": 258696.85507824895, "ratio": 1.0, "url": "http://server/chunk-stream6-00018.m4s"}, {"index": 18, "start": 27.3872230052948, "end": 28.391009092330933, "quality": 6, "bitrate": 391570, "throughput": 258717.81838471754, "ratio": 1.0, "url": "http://server/chunk-stream6-00019.m4s"}, {"index": 19, "start": 28.391186952590942, "end": 31.581732034683228, "quality": 6, "bitrate": 391570, "throughput": 265157.7256905261, "ratio": 1.0, "url": "http://server/chunk-stream6-00020.m4s"}, {"index": 20, "start": 31.581974983215332, "end": 32.471498012542725, "quality": 6, "bitrate": 391570, "throughput": 175137.3833818859, "ratio": 1.0, "url": "http://server/chunk-stream6-00021.m4s"}, {"index": 21, "start": 32.47160601615906, "end": 32.71046018600464, "quality": 6, "bitrate": 391570, "throughput": 395396.3767539119, "ratio": 1.0, "url": "http://server/chunk-stream6-00022.m4s"}, {"index": 22, "start": 32.710546016693115, "end": 33.63229298591614, "quality": 6, "bitrate": 391570, "throughput": 565354.2301217276, "ratio": 1.0, "url": "http://server/chunk-stream6-00023.m4s"}, {"index": 23, "start": 33.63234996795654, "end": 36.3431179523468, "quality": 6, "bitrate": 391570, "throughput": 372978.606751493, "ratio": 1.0, "url": "http://server/chunk-stream6-00024.m4s"}], "num_stall": 2, "dur_stall": 9.85539174079895, "avg_bitrate": 416446.375, "num_quality_switches": 1}