{"segments": [{"index": 0, "start": 1.0589449405670166, "end": 3.3036749362945557, "quality": 4, "bitrate": 988603, "throughput": 0, "ratio": 1.0, "url": "http://server/chunk-stream4-00001.m4s"}, {"index": 1, "start": 3.3038740158081055, "end": 4.475474119186401, "quality": 6, "bitrate": 391570, "throughput": 352246.35310759256, "ratio": 1.0, "url": "http://server/chunk-stream6-00002.m4s"}, {"index": 2, "start": 4.4756669998168945, "end": 5.139973163604736, "quality": 6, "bitrate": 391570, "throughput": 177309.64293363213, "ratio": 1.0, "url": "http://server/chunk-stream6-00003.m4s"}, {"index": 3, "start": 5.140182971954346, "end": 5.864191055297852, "quality": 6, "bitrate": 391570, "throughput": 178807.56199969482, "ratio": 1.0, "url": "http://server/chunk-stream6-00004.m4s"}, {"index": 4, "start": 5.864388942718506, "end": 6.717841148376465, "quality": 6, "bitrate": 391570, "throughput": 203447.73296506252, "ratio": 1.0, "url": "http://server/chunk-stream6-00005.m4s"}, {"index": 5, "start": 6.718048095703125, "end": 7.567279100418091, "quality": 6, "bitrate": 391570, "throughput": 256748.30666212592, "ratio": 1.0, "url": "http://server/chunk-stream6-00006.m4s"}, {"index": 6, "start": 7.5674519538879395, "end": 8.492685079574585, "quality": 6, "bitrate": 391570, "throughput": 282255.01004169084, "ratio": 1.0, "url": "http://server/chunk-stream6-00007.m4s"}, {"index": 7, "start": 8.49293303489685, "end": 9.460824966430664, "quality": 6, "bitrate": 391570, "throughput": 313613.65799737396, "ratio": 1.0, "url": "http://server/chunk-stream6-00008.m4s"}, {"index": 8, "start": 9.461027145385742, "end": 10.548920154571533, "quality": 6, "bitrate": 391570, "throughput": 338489.1880061017, "ratio": 1.0, "url": "http://server/chunk-stream6-00009.m4s"}, {"index": 9, "start": 10.5491361618042, "end": 11.675364017486572, "quality": 6, "bitrate": 391570, "throughput": 356946.5635617139, "ratio": 1.0, "url": "http://server/chunk-stream6-00010.m4s"}, {"index": 10, "start": 11.675579071044922, "end": 12.772634029388428, "quality": 6, "bitrate": 391570, "throughput": 383229.57635316416, "ratio": 1.0, "url": "http://server/chunk-stream6-00011.m4s"}, {"index": 11, "start": 12.7728271484375, "end": 14.027179956436157, "quality": 6, "bitrate": 391570, "throughput": 397147.1849025447, "ratio": 1.0, "url": "http://server/chunk-stream6-00012.m4s"}, {"index": 12, "start": 14.027419090270996, "end": 15.398550987243652, "quality": 6, "bitrate": 391570, "throughput": 426191.62896871427, "ratio": 1.0, "url": "http://server/chunk-stream6-00013.m4s"}, {"index": 13, "start": 15.398756980895996, "end": 16.819236993789673, "quality": 6, "bitrate": 391570, "throughput": 453946.77823101415, "ratio": 1.0, "url": "http://server/chunk-stream6-00014.m4s"}, {"index": 14, "start": 16.819427013397217, "end": 18.248099088668823, "quality": 6, "bitrate": 391570, "throughput": 472692.87310007133, "ratio": 1.0, "url": "http://server/chunk-stream6-00015.m4s"}, {"index": 15, "start": 18.248279094696045, "end": 19.6534161567688, "quality": 6, "bitrate": 391570, "throughput": 482950.2381431091, "ratio": 1.0, "url": "http://server/chunk-stream6-00016.m4s"}, {"index": 16, "start": 19.65360713005066, "end": 20.58002495765686, "quality": 6, "bitrate": 391570, "throughput": 485759.65114219557, "ratio": 1.0, "url": "http://server/chunk-stream6-00017.m4s"}, {"index": 17, "start": 20.580206155776978, "end": 21.54461693763733, "quality": 6, "bitrate": 391570, "throughput": 415722.02930554806, "ratio": 1.0, "url": "http://server/chunk-stream6-00018.m4s"}, {"index": 18, "start": 21.544809103012085, "end": 22.408926010131836, "quality": 6, "bitrate": 391570, "throughput": 388892.1563249362, "ratio": 1.0, "url": "http://server/chunk-stream6-00019.m4s"}, {"index": 19, "start": 22.40907311439514, "end": 23.271921157836914, "quality": 6, "bitrate": 391570, "throughput": 352196.51130292076, "ratio": 1.0, "url": "http://server/chunk-stream6-00020.m4s"}, {"index": 20, "start": 23.272089958190918, "end": 24.495712995529175, "quality": 6, "bitrate": 391570, "throughput": 333496.5232335196, "ratio": 1.0, "url": "http://server/chunk-stream6-00021.m4s"}, {"index": 21, "start": 24.49591612815857, "end": 25.233694076538086, "quality": 6, "bitrate": 391570, "throughput": 390532.18719334016, "ratio": 1.0, "url": "http://server/chunk-stream6-00022.m4s"}, {"index": 22, "start": 25.233898162841797, "end": 25.959293127059937, "quality": 6, "bitrate": 391570, "throughput": 314270.05725114775, "ratio": 1.0, "url": "http://server/chunk-stream6-00023.m4s"}, {"index": 23, "start": 25.959500074386597, "end": 27.32074809074402, "quality": 6, "bitrate": 391570, "throughput": 271902.28054582153, "ratio": 1.0, "url": "http://server/chunk-stream6-00024.m4s"}], "num_stall": 0, "dur_stall": 0, "avg_bitrate": 416446.375, "num_quality_switches": 1}