{"segments": [{"index": 0, "start": 1.056746006011963, "end": 3.3011159896850586, "quality": 4, "bitrate": 988603, "throughput": 0, "ratio": 1.0, "url": "http://server/chunk-stream4-00001.m4s"}, {"index": 1, "start": 3.301378011703491, "end": 4.473191976547241, "quality": 6, "bitrate": 391570, "throughput": 352242.61863865424, "ratio": 1.0, "url": "http://server/chunk-stream6-00002.m4s"}, {"index": 2, "start": 4.473373889923096, "end": 5.137728929519653, "quality": 6, "bitrate": 391570, "throughput": 177314.43238932898, "ratio": 1.0, "url": "http://server/chunk-stream6-00003.m4s"}, {"index": 3, "start": 5.1379289627075195, "end": 5.8620078563690186, "quality": 6, "bitrate": 391570, "throughput": 178801.31555167708, "ratio": 1.0, "url": "http://server/chunk-stream6-00004.m4s"}, {"index": 4, "start": 5.862226963043213, "end": 6.715974807739258, "quality": 6, "bitrate": 391570, "throughput": 203438.93750301463, "ratio": 1.0, "url": "http://server/chunk-stream6-00005.m4s"}, {"index": 5, "start": 6.716203927993774, "end": 7.565832853317261, "quality": 6, "bitrate": 391570, "throughput": 256689.73326018584, "ratio": 1.0, "url": "http://server/chunk-stream6-00006.m4s"}, {"index": 6, "start": 7.566046953201294, "end": 8.490967035293579, "quality": 6, "bitrate": 391570, "throughput": 282155.4038508457, "ratio": 1.0, "url": "http://server/chunk-stream6-00007.m4s"}, {"index": 7, "start": 8.4911470413208, "end": 9.45855188369751, "quality": 6, "bitrate": 391570, "throughput": 313605.66044398263, "ratio": 1.0, "url": "http://server/chunk-stream6-00008.m4s"}, {"index": 8, "start": 9.458745956420898, "end": 10.546324014663696, "quality": 6, "bitrate": 391570, "throughput": 338568.62819065875, "ratio": 1.0, "url": "http://server/chunk-stream6-00009.m4s"}, {"index": 9, "start": 10.54651403427124, "end": 11.673175811767578, "quality": 6, "bitrate": 391570, "throughput": 357041.84674837766, "ratio": 1.0, "url": "http://server/chunk-stream6-00010.m4s"}, {"index": 10, "start": 11.673595905303955, "end": 12.770627975463867, "quality": 6, "bitrate": 391570, "throughput": 383232.9157510103, "ratio": 1.0, "url": "http://server/chunk-stream6-00011.m4s"}, {"index": 11, "start": 12.77081298828125, "end": 14.025054931640625, "quality": 6, "bitrate": 391570, "throughput": 397152.87569168105, "ratio": 1.0, "url": "http://server/chunk-stream6-00012.m4s"}, {"index": 12, "start": 14.025270938873291, "end": 15.396345853805542, "quality": 6, "bitrate": 391570, "throughput": 426214.8579285246, "ratio": 1.0, "url": "http://server/chunk-stream6-00013.m4s"}, {"index": 13, "start": 15.396517038345337, "end": 16.816668033599854, "quality": 6, "bitrate": 391570, "throughput": 453969.1585818137, "ratio": 1.0, "url": "http://server/chunk-stream6-00014.m4s"}, {"index": 14, "start": 16.816869020462036, "end": 18.245272874832153, "quality": 6, "bitrate": 391570, "throughput": 472753.6992992086, "ratio": 1.0, "url": "http://server/chunk-stream6-00015.m4s"}, {"index": 15, "start": 18.24546504020691, "end": 19.65063500404358, "quality": 6, "bitrate": 391570, "throughput": 483022.35535773885, "ratio": 1.0, "url": "http://server/chunk-stream6-00016.m4s"}, {"index": 16, "start": 19.650811910629272, "end": 20.577059984207153, "quality": 6, "bitrate": 391570, "throughput": 485797.40952624014, "ratio": 1.0, "url": "http://server/chunk-stream6-00017.m4s"}, {"index": 17, "start": 20.577523946762085, "end": 21.54175090789795, "quality": 6, "bitrate": 391570, "throughput": 415767.3407249429, "ratio": 1.0, "url": "http://server/chunk-stream6-00018.m4s"}, {"index": 18, "start": 21.541929960250854, "end": 22.40589690208435, "quality": 6, "bitrate": 391570, "throughput": 388952.1970875616, "ratio": 1.0, "url": "http://server/chunk-stream6-00019.m4s"}, {"index": 19, "start": 22.406096935272217, "end": 23.26892590522766, "quality": 6, "bitrate": 391570, "throughput": 352255.0948319398, "ratio": 1.0, "url": "http://server/chunk-stream6-00020.m4s"}, {"index": 20, "start": 23.26919984817505, "end": 24.492933988571167, "quality": 6, "bitrate": 391570, "throughput": 333521.02983803814, "ratio": 1.0, "url": "http://server/chunk-stream6-00021.m4s"}, {"index": 21, "start": 24.493168830871582, "end": 25.23099994659424, "quality": 6, "bitrate": 391570, "throughput": 390525.20941165497, "ratio": 1.0, "url": "http://server/chunk-stream6-00022.m4s"}, {"index": 22, "start": 25.231251001358032, "end": 25.957069873809814, "quality": 6, "bitrate": 391570, "throughput": 314259.6444060451, "ratio": 1.0, "url": "http://server/chunk-stream6-00023.m4s"}, {"index": 23, "start": 25.95731282234192, "end": 27.31882882118225, "quality": 6, "bitrate": 391570, "throughput": 271831.835353468, "ratio": 1.0, "url": "http://server/chunk-stream6-00024.m4s"}], "num_stall": 0, "dur_stall": 0, "avg_bitrate": 416446.375, "num_quality_switches": 1}