{"segments": [{"index": 0, "start": 1.05623197555542, "end": 3.3004329204559326, "quality": 4, "bitrate": 988603, "throughput": 0, "ratio": 1.0, "url": "http://server/chunk-stream4-00001.m4s"}, {"index": 1, "start": 3.300691843032837, "end": 4.473176002502441, "quality": 6, "bitrate": 391570, "throughput": 352226.08454262157, "ratio": 1.0, "url": "http://server/chunk-stream6-00002.m4s"}, {"index": 2, "start": 4.473384857177734, "end": 5.138056993484497, "quality": 6, "bitrate": 391570, "throughput": 177281.3027852461, "ratio": 1.0, "url": "http://server/chunk-stream6-00003.m4s"}, {"index": 3, "start": 5.138369798660278, "end": 5.861971855163574, "quality": 6, "bitrate": 391570, "throughput": 178748.97385179246, "ratio": 1.0, "url": "http://server/chunk-stream6-00004.m4s"}, {"index": 4, "start": 5.862165927886963, "end": 6.715694904327393, "quality": 6, "bitrate": 391570, "throughput": 203480.0810198135, "ratio": 1.0, "url": "http://server/chunk-stream6-00005.m4s"}, {"index": 5, "start": 6.715880870819092, "end": 7.56529688835144, "quality": 6, "bitrate": 391570, "throughput": 256742.9098178505, "ratio": 1.0, "url": "http://server/chunk-stream6-00006.m4s"}, {"index": 6, "start": 7.56549596786499, "end": 8.490403890609741, "quality": 6, "bitrate": 391570, "throughput": 282216.9278706071, "ratio": 1.0, "url": "http://server/chunk-stream6-00007.m4s"}, {"index": 7, "start": 8.49058198928833, "end": 9.457818984985352, "quality": 6, "bitrate": 391570, "throughput": 313641.53835296555, "ratio": 1.0, "url": "http://server/chunk-stream6-00008.m4s"}, {"index": 8, "start": 9.458043813705444, "end": 10.545918941497803, "quality": 6, "bitrate": 391570, "throughput": 338611.932005321, "ratio": 1.0, "url": "http://server/chunk-stream6-00009.m4s"}, {"index": 9, "start": 10.546116828918457, "end": 11.672338962554932, "quality": 6, "bitrate": 391570, "throughput": 357017.0291944579, "ratio": 1.0, "url": "http://server/chunk-stream6-00010.m4s"}, {"index": 10, "start": 11.672508001327515, "end": 12.769469976425171, "quality": 6, "bitrate": 391570, "throughput": 383258.26233460684, "ratio": 1.0, "url": "http://server/chunk-stream6-00011.m4s"}, {"index": 11, "start": 12.769689798355103, "end": 14.023989915847778, "quality": 6, "bitrate": 391570, "throughput": 397181.1433658958, "ratio": 1.0, "url": "http://server/chunk-stream6-00012.m4s"}, {"index": 12, "start": 14.024199962615967, "end": 15.395596981048584, "quality": 6, "bitrate": 391570, "throughput": 426218.7778880838, "ratio": 1.0, "url": "http://server/chunk-stream6-00013.m4s"}, {"index": 13, "start": 15.395811796188354, "end": 16.81605100631714, "quality": 6, "bitrate": 391570, "throughput": 453923.66380034975, "ratio": 1.0, "url": "http://server/chunk-stream6-00014.m4s"}, {"index": 14, "start": 16.816221952438354, "end": 18.244802951812744, "quality": 6, "bitrate": 391570, "throughput": 472719.1084090362, "ratio": 1.0, "url": "http://server/chunk-stream6-00015.m4s"}, {"index": 15, "start": 18.245012998580933, "end": 19.65036392211914, "quality": 6, "bitrate": 391570, "throughput": 482980.686199764, "ratio": 1.0, "url": "http://server/chunk-stream6-00016.m4s"}, {"index": 16, "start": 19.650550842285156, "end": 20.576843976974487, "quality": 6, "bitrate": 391570, "throughput": 485738.024852226, "ratio": 1.0, "url": "http://server/chunk-stream6-00017.m4s"}, {"index": 17, "start": 20.577067852020264, "end": 21.541371822357178, "quality": 6, "bitrate": 391570, "throughput": 415731.37333961483, "ratio": 1.0, "url": "http://server/chunk-stream6-00018.m4s"}, {"index": 18, "start": 21.541553020477295, "end": 22.40576195716858, "quality": 6, "bitrate": 391570, "throughput": 388910.07924102526, "ratio": 1.0, "url": "http://server/chunk-stream6-00019.m4s"}, {"index": 19, "start": 22.405963897705078, "end": 23.26882290840149, "quality": 6, "bitrate": 391570, "throughput": 352196.5924266365, "ratio": 1.0, "url": "http://server/chunk-stream6-00020.m4s"}, {"index": 20, "start": 23.269030809402466, "end": 24.49267888069153, "quality": 6, "bitrate": 391570, "throughput": 333488.3856982377, "ratio": 1.0, "url": "http://server/chunk-stream6-00021.m4s"}, {"index": 21, "start": 24.492862939834595, "end": 25.23046088218689, "quality": 6, "bitrate": 391570, "throughput": 390517.1724375035, "ratio": 1.0, "url": "http://server/chunk-stream6-00022.m4s"}, {"index": 22, "start": 25.230692863464355, "end": 25.95626187324524, "quality": 6, "bitrate": 391570, "throughput": 314284.1347006316, "ratio": 1.0, "url": "http://server/chunk-stream6-00023.m4s"}, {"index": 23, "start": 25.956490993499756, "end": 27.31828284263611, "quality": 6, "bitrate": 391570, "throughput": 271890.6828276791, "ratio": 1.0, "url": "http://server/chunk-stream6-00024.m4s"}], "num_stall": 0, "dur_stall": 0, "avg_bitrate": 416446.375, "num_quality_switches": 1}